album,artists,available_markets,disc_number,duration_ms_x,explicit,external_ids,external_urls,href,id,is_local,name,popularity,preview_url,track_number,type_x,uri,like,danceability,energy,key,loudness,mode,speechiness,acousticness,instrumentalness,liveness,valence,tempo,type_y,track_href,analysis_url,duration_ms_y,time_signature
Slothin',Snaer.,"['AD', 'AE', 'AG', 'AL', 'AM', 'AO', 'AR', 'AT', 'AU', 'AZ', 'BA', 'BB', 'BD', 'BE', 'BF', 'BG', 'BH', 'BI', 'BJ', 'BN', 'BO', 'BR', 'BS', 'BT', 'BW', 'BY', 'BZ', 'CA', 'CH', 'CI', 'CL', 'CM', 'CO', 'CR', 'CV', 'CW', 'CY', 'CZ', 'DE', 'DJ', 'DK', 'DM', 'DO', 'DZ', 'EC', 'EE', 'EG', 'ES', 'FI', 'FJ', 'FM', 'FR', 'GA', 'GB', 'GD', 'GE', 'GH', 'GM', 'GN', 'GQ', 'GR', 'GT', 'GW', 'GY', 'HK', 'HN', 'HR', 'HT', 'HU', 'ID', 'IE', 'IL', 'IN', 'IS', 'IT', 'JM', 'JO', 'JP', 'KE', 'KG', 'KH', 'KI', 'KM', 'KN', 'KR', 'KW', 'KZ', 'LA', 'LB', 'LC', 'LI', 'LK', 'LR', 'LS', 'LT', 'LU', 'LV', 'MA', 'MC', 'MD', 'ME', 'MG', 'MH', 'MK', 'ML', 'MN', 'MO', 'MR', 'MT', 'MU', 'MV', 'MW', 'MX', 'MY', 'MZ', 'NA', 'NE', 'NG', 'NI', 'NL', 'NO', 'NP', 'NR', 'NZ', 'OM', 'PA', 'PE', 'PG', 'PH', 'PK', 'PL', 'PS', 'PT', 'PW', 'PY', 'QA', 'RO', 'RS', 'RU', 'RW', 'SA', 'SB', 'SC', 'SE', 'SG', 'SI', 'SK', 'SL', 'SM', 'SN', 'SR', 'ST', 'SV', 'SZ', 'TD', 'TG', 'TH', 'TL', 'TN', 'TO', 'TR', 'TT', 'TV', 'TW', 'TZ', 'UA', 'UG', 'US', 'UY', 'UZ', 'VC', 'VN', 'VU', 'WS', 'XK', 'ZA', 'ZM', 'ZW']",1,166000,False,{'isrc': 'QZK6P1927741'},{'spotify': 'https://open.spotify.com/track/6BAUkR93Y0Q2SVjc96AS92'},https://api.spotify.com/v1/tracks/6BAUkR93Y0Q2SVjc96AS92,6BAUkR93Y0Q2SVjc96AS92,False,Slothin',53,https://p.scdn.co/mp3-preview/a70ca54c85fdd27de4da44e1e4a0981cf9c65ce0?cid=527cc027556e4e75bde9716a7a0562a5,1,track,spotify:track:6BAUkR93Y0Q2SVjc96AS92,1,0.848,0.124,6,-16.637,0,0.109,0.616,0.775,0.0886,0.441,126.949,audio_features,https://api.spotify.com/v1/tracks/6BAUkR93Y0Q2SVjc96AS92,https://api.spotify.com/v1/audio-analysis/6BAUkR93Y0Q2SVjc96AS92,166000,4
"Seeds, Roots & Fruits",Emapea,"['AD', 'AE', 'AG', 'AL', 'AM', 'AO', 'AR', 'AT', 'AU', 'AZ', 'BA', 'BB', 'BD', 'BE', 'BF', 'BG', 'BH', 'BI', 'BJ', 'BN', 'BO', 'BR', 'BS', 'BT', 'BW', 'BY', 'BZ', 'CA', 'CH', 'CI', 'CL', 'CM', 'CO', 'CR', 'CV', 'CW', 'CY', 'CZ', 'DE', 'DJ', 'DK', 'DM', 'DO', 'DZ', 'EC', 'EE', 'EG', 'ES', 'FI', 'FJ', 'FM', 'FR', 'GA', 'GB', 'GD', 'GE', 'GH', 'GM', 'GN', 'GQ', 'GR', 'GT', 'GW', 'GY', 'HK', 'HN', 'HR', 'HT', 'HU', 'ID', 'IE', 'IL', 'IN', 'IS', 'IT', 'JM', 'JO', 'JP', 'KE', 'KG', 'KH', 'KI', 'KM', 'KN', 'KR', 'KW', 'KZ', 'LA', 'LB', 'LC', 'LI', 'LK', 'LR', 'LS', 'LT', 'LU', 'LV', 'MA', 'MC', 'MD', 'ME', 'MG', 'MH', 'MK', 'ML', 'MN', 'MO', 'MR', 'MT', 'MU', 'MV', 'MW', 'MX', 'MY', 'MZ', 'NA', 'NE', 'NG', 'NI', 'NL', 'NO', 'NP', 'NR', 'NZ', 'OM', 'PA', 'PE', 'PG', 'PH', 'PK', 'PL', 'PS', 'PT', 'PW', 'PY', 'QA', 'RO', 'RS', 'RU', 'RW', 'SA', 'SB', 'SC', 'SE', 'SG', 'SI', 'SK', 'SL', 'SM', 'SN', 'SR', 'ST', 'SV', 'SZ', 'TD', 'TG', 'TH', 'TL', 'TN', 'TO', 'TR', 'TT', 'TV', 'TW', 'TZ', 'UA', 'UG', 'US', 'UY', 'UZ', 'VC', 'VN', 'VU', 'WS', 'XK', 'ZA', 'ZM', 'ZW']",1,180737,False,{'isrc': 'USEAX1602818'},{'spotify': 'https://open.spotify.com/track/6AAIzRpfYHrgIA3R20FAFu'},https://api.spotify.com/v1/tracks/6AAIzRpfYHrgIA3R20FAFu,6AAIzRpfYHrgIA3R20FAFu,False,Jazzy,48,https://p.scdn.co/mp3-preview/779399260ab2dbc0fc46ff90ae05da4ecba48fc1?cid=527cc027556e4e75bde9716a7a0562a5,3,track,spotify:track:6AAIzRpfYHrgIA3R20FAFu,1,0.831,0.266,4,-7.985,0,0.0942,0.44,0.366,0.169,0.322,86.013,audio_features,https://api.spotify.com/v1/tracks/6AAIzRpfYHrgIA3R20FAFu,https://api.spotify.com/v1/audio-analysis/6AAIzRpfYHrgIA3R20FAFu,180737,4
Distinct Ideas,Taiko,"['AD', 'AE', 'AG', 'AL', 'AM', 'AO', 'AR', 'AT', 'AU', 'AZ', 'BA', 'BB', 'BD', 'BE', 'BF', 'BG', 'BH', 'BI', 'BJ', 'BN', 'BO', 'BR', 'BS', 'BT', 'BW', 'BY', 'BZ', 'CA', 'CH', 'CI', 'CL', 'CM', 'CO', 'CR', 'CV', 'CW', 'CY', 'CZ', 'DE', 'DJ', 'DK', 'DM', 'DO', 'DZ', 'EC', 'EE', 'EG', 'ES', 'FI', 'FJ', 'FM', 'FR', 'GA', 'GB', 'GD', 'GE', 'GH', 'GM', 'GN', 'GQ', 'GR', 'GT', 'GW', 'GY', 'HK', 'HN', 'HR', 'HT', 'HU', 'ID', 'IE', 'IL', 'IN', 'IS', 'IT', 'JM', 'JO', 'JP', 'KE', 'KG', 'KH', 'KI', 'KM', 'KN', 'KR', 'KW', 'KZ', 'LA', 'LB', 'LC', 'LI', 'LK', 'LR', 'LS', 'LT', 'LU', 'LV', 'MA', 'MC', 'MD', 'ME', 'MG', 'MH', 'MK', 'ML', 'MN', 'MO', 'MR', 'MT', 'MU', 'MV', 'MW', 'MX', 'MY', 'MZ', 'NA', 'NE', 'NG', 'NI', 'NL', 'NO', 'NP', 'NR', 'NZ', 'OM', 'PA', 'PE', 'PG', 'PH', 'PK', 'PL', 'PS', 'PT', 'PW', 'PY', 'QA', 'RO', 'RS', 'RU', 'RW', 'SA', 'SB', 'SC', 'SE', 'SG', 'SI', 'SK', 'SL', 'SM', 'SN', 'SR', 'ST', 'SV', 'SZ', 'TD', 'TG', 'TH', 'TL', 'TN', 'TO', 'TR', 'TT', 'TV', 'TW', 'TZ', 'UA', 'UG', 'US', 'UY', 'UZ', 'VC', 'VN', 'VU', 'WS', 'XK', 'ZA', 'ZM', 'ZW']",1,153044,False,{'isrc': 'UST8K1715400'},{'spotify': 'https://open.spotify.com/track/1lu6GdIlxjD2PTFfJ7QliO'},https://api.spotify.com/v1/tracks/1lu6GdIlxjD2PTFfJ7QliO,1lu6GdIlxjD2PTFfJ7QliO,False,Sunday,14,https://p.scdn.co/mp3-preview/1e4c94bbd62bdc235ef23a985a075a590a84284c?cid=527cc027556e4e75bde9716a7a0562a5,5,track,spotify:track:1lu6GdIlxjD2PTFfJ7QliO,1,0.787,0.305,11,-12.612,0,0.194,0.452,0.781,0.0776,0.577,180.047,audio_features,https://api.spotify.com/v1/tracks/1lu6GdIlxjD2PTFfJ7QliO,https://api.spotify.com/v1/audio-analysis/1lu6GdIlxjD2PTFfJ7QliO,153045,4
Atlas,Ã˜DYSSEE,"['AD', 'AE', 'AG', 'AL', 'AM', 'AO', 'AR', 'AT', 'AU', 'AZ', 'BA', 'BB', 'BD', 'BE', 'BF', 'BG', 'BH', 'BI', 'BJ', 'BN', 'BO', 'BR', 'BS', 'BT', 'BW', 'BY', 'BZ', 'CA', 'CH', 'CI', 'CL', 'CM', 'CO', 'CR', 'CV', 'CY', 'CZ', 'DE', 'DJ', 'DK', 'DM', 'DO', 'DZ', 'EC', 'EE', 'EG', 'ES', 'FI', 'FJ', 'FM', 'FR', 'GA', 'GB', 'GD', 'GE', 'GH', 'GM', 'GN', 'GQ', 'GR', 'GT', 'GW', 'GY', 'HK', 'HN', 'HR', 'HT', 'HU', 'ID', 'IE', 'IL', 'IN', 'IS', 'IT', 'JM', 'JO', 'JP', 'KE', 'KG', 'KH', 'KI', 'KM', 'KN', 'KR', 'KW', 'KZ', 'LA', 'LB', 'LC', 'LI', 'LK', 'LR', 'LS', 'LT', 'LU', 'LV', 'MA', 'MC', 'MD', 'ME', 'MG', 'MH', 'MK', 'ML', 'MN', 'MO', 'MR', 'MT', 'MU', 'MV', 'MW', 'MX', 'MY', 'MZ', 'NA', 'NE', 'NG', 'NI', 'NL', 'NO', 'NP', 'NR', 'NZ', 'OM', 'PA', 'PE', 'PG', 'PH', 'PK', 'PL', 'PS', 'PT', 'PW', 'PY', 'QA', 'RO', 'RS', 'RU', 'RW', 'SA', 'SB', 'SC', 'SE', 'SG', 'SI', 'SK', 'SL', 'SM', 'SN', 'SR', 'ST', 'SV', 'SZ', 'TD', 'TG', 'TH', 'TL', 'TN', 'TO', 'TR', 'TT', 'TV', 'TW', 'TZ', 'UA', 'UG', 'US', 'UY', 'UZ', 'VC', 'VN', 'VU', 'WS', 'XK', 'ZA', 'ZM', 'ZW']",1,87919,False,{'isrc': 'CH6541835335'},{'spotify': 'https://open.spotify.com/track/1hOA6mHncd5IDa3z7mVa1r'},https://api.spotify.com/v1/tracks/1hOA6mHncd5IDa3z7mVa1r,1hOA6mHncd5IDa3z7mVa1r,False,Poolside,21,https://p.scdn.co/mp3-preview/ba628008cec5ed7f0c79cb10226b2eddf6bbe4ea?cid=527cc027556e4e75bde9716a7a0562a5,15,track,spotify:track:1hOA6mHncd5IDa3z7mVa1r,1,0.723,0.725,9,-4.61,0,0.0368,0.212,0.02,0.103,0.547,87.405,audio_features,https://api.spotify.com/v1/tracks/1hOA6mHncd5IDa3z7mVa1r,https://api.spotify.com/v1/audio-analysis/1hOA6mHncd5IDa3z7mVa1r,87919,4
The Scenic Route,Brock Berrigan,"['AD', 'AE', 'AG', 'AL', 'AM', 'AO', 'AR', 'AT', 'AU', 'AZ', 'BA', 'BB', 'BD', 'BE', 'BF', 'BG', 'BH', 'BI', 'BJ', 'BN', 'BO', 'BR', 'BS', 'BT', 'BW', 'BY', 'BZ', 'CA', 'CH', 'CI', 'CL', 'CM', 'CO', 'CR', 'CV', 'CW', 'CY', 'CZ', 'DE', 'DJ', 'DK', 'DM', 'DO', 'DZ', 'EC', 'EE', 'EG', 'ES', 'FI', 'FJ', 'FM', 'FR', 'GA', 'GB', 'GD', 'GE', 'GH', 'GM', 'GN', 'GQ', 'GR', 'GT', 'GW', 'GY', 'HK', 'HN', 'HR', 'HT', 'HU', 'ID', 'IE', 'IL', 'IN', 'IS', 'IT', 'JM', 'JO', 'JP', 'KE', 'KG', 'KH', 'KI', 'KM', 'KN', 'KR', 'KW', 'KZ', 'LA', 'LB', 'LC', 'LI', 'LK', 'LR', 'LS', 'LT', 'LU', 'LV', 'MA', 'MC', 'MD', 'ME', 'MG', 'MH', 'MK', 'ML', 'MN', 'MO', 'MR', 'MT', 'MU', 'MV', 'MW', 'MX', 'MY', 'MZ', 'NA', 'NE', 'NG', 'NI', 'NL', 'NO', 'NP', 'NR', 'NZ', 'OM', 'PA', 'PE', 'PG', 'PH', 'PK', 'PL', 'PS', 'PT', 'PW', 'PY', 'QA', 'RO', 'RS', 'RU', 'RW', 'SA', 'SB', 'SC', 'SE', 'SG', 'SI', 'SK', 'SL', 'SM', 'SN', 'SR', 'ST', 'SV', 'SZ', 'TD', 'TG', 'TH', 'TL', 'TN', 'TO', 'TR', 'TT', 'TV', 'TW', 'TZ', 'UA', 'UG', 'US', 'UY', 'UZ', 'VC', 'VN', 'VU', 'WS', 'XK', 'ZA', 'ZM', 'ZW']",1,105974,False,{'isrc': 'QZFZ21974435'},{'spotify': 'https://open.spotify.com/track/4qlbHB70c6OVykqeQHfnvM'},https://api.spotify.com/v1/tracks/4qlbHB70c6OVykqeQHfnvM,4qlbHB70c6OVykqeQHfnvM,False,Snow Canyon,22,https://p.scdn.co/mp3-preview/71f0eec50a370944cf43af106be0f5cd13db7e73?cid=527cc027556e4e75bde9716a7a0562a5,6,track,spotify:track:4qlbHB70c6OVykqeQHfnvM,1,0.412,0.373,9,-7.128,0,0.313,0.0494,0.783,0.117,0.357,166.956,audio_features,https://api.spotify.com/v1/tracks/4qlbHB70c6OVykqeQHfnvM,https://api.spotify.com/v1/audio-analysis/4qlbHB70c6OVykqeQHfnvM,105974,3
just friends,"['potsu', 'Chance Thrash']",[],1,190112,False,{'isrc': 'QM42K1870178'},{'spotify': 'https://open.spotify.com/track/2lN0R35eOsdqBnFaQ5k0rM'},https://api.spotify.com/v1/tracks/2lN0R35eOsdqBnFaQ5k0rM,2lN0R35eOsdqBnFaQ5k0rM,False,take me there,0,,9,track,spotify:track:2lN0R35eOsdqBnFaQ5k0rM,1,0.692,0.448,0,-13.417,1,0.0286,0.772,0.87,0.347,0.533,102.013,audio_features,https://api.spotify.com/v1/tracks/2lN0R35eOsdqBnFaQ5k0rM,https://api.spotify.com/v1/audio-analysis/2lN0R35eOsdqBnFaQ5k0rM,190112,4
radio.wavs//volume.4,Hanzo,[],1,74501,False,{'isrc': 'QM42K1732337'},{'spotify': 'https://open.spotify.com/track/5F6sE6Rwg5XI4TwTmvoZG1'},https://api.spotify.com/v1/tracks/5F6sE6Rwg5XI4TwTmvoZG1,5F6sE6Rwg5XI4TwTmvoZG1,False,gt+cb,0,,5,track,spotify:track:5F6sE6Rwg5XI4TwTmvoZG1,1,0.578,0.379,1,-13.502,1,0.486,0.843,0.916,0.11,0.489,168.576,audio_features,https://api.spotify.com/v1/tracks/5F6sE6Rwg5XI4TwTmvoZG1,https://api.spotify.com/v1/audio-analysis/5F6sE6Rwg5XI4TwTmvoZG1,74501,4
The Narrows,Brock Berrigan,"['AD', 'AE', 'AG', 'AM', 'AO', 'AR', 'AT', 'AU', 'AZ', 'BB', 'BD', 'BE', 'BF', 'BG', 'BH', 'BI', 'BJ', 'BN', 'BO', 'BR', 'BS', 'BT', 'BW', 'BZ', 'CA', 'CH', 'CL', 'CM', 'CO', 'CR', 'CV', 'CW', 'CY', 'CZ', 'DE', 'DJ', 'DK', 'DM', 'DO', 'DZ', 'EC', 'EE', 'EG', 'ES', 'FI', 'FJ', 'FM', 'FR', 'GA', 'GB', 'GD', 'GE', 'GH', 'GM', 'GN', 'GQ', 'GR', 'GT', 'GW', 'GY', 'HK', 'HN', 'HT', 'HU', 'ID', 'IE', 'IL', 'IN', 'IS', 'IT', 'JM', 'JO', 'JP', 'KE', 'KG', 'KH', 'KI', 'KM', 'KN', 'KR', 'KW', 'KZ', 'LA', 'LB', 'LC', 'LI', 'LK', 'LS', 'LT', 'LU', 'LV', 'MA', 'MC', 'MD', 'MG', 'MH', 'ML', 'MN', 'MO', 'MR', 'MT', 'MU', 'MV', 'MW', 'MX', 'MY', 'MZ', 'NA', 'NE', 'NG', 'NI', 'NL', 'NO', 'NP', 'NR', 'NZ', 'OM', 'PA', 'PE', 'PG', 'PH', 'PK', 'PL', 'PS', 'PT', 'PW', 'PY', 'QA', 'RO', 'RU', 'RW', 'SA', 'SB', 'SC', 'SE', 'SG', 'SI', 'SK', 'SL', 'SM', 'SN', 'SR', 'ST', 'SV', 'SZ', 'TD', 'TG', 'TH', 'TL', 'TN', 'TO', 'TR', 'TT', 'TV', 'TW', 'TZ', 'UA', 'UG', 'US', 'UY', 'UZ', 'VC', 'VN', 'VU', 'WS', 'ZA', 'ZM']",1,137101,False,{'isrc': 'TCADN1852619'},{'spotify': 'https://open.spotify.com/track/2nw9asAKlCdUf8LTJxHaXk'},https://api.spotify.com/v1/tracks/2nw9asAKlCdUf8LTJxHaXk,2nw9asAKlCdUf8LTJxHaXk,False,Hotwire,36,https://p.scdn.co/mp3-preview/5e79de675af3e30cd98409101bfa59667d4387c1?cid=527cc027556e4e75bde9716a7a0562a5,3,track,spotify:track:2nw9asAKlCdUf8LTJxHaXk,1,0.685,0.783,10,-5.538,0,0.0835,0.229,0.768,0.0887,0.854,91.068,audio_features,https://api.spotify.com/v1/tracks/2nw9asAKlCdUf8LTJxHaXk,https://api.spotify.com/v1/audio-analysis/2nw9asAKlCdUf8LTJxHaXk,137102,4
Zoning Out Vol. 2,Emapea,"['AD', 'AE', 'AG', 'AL', 'AM', 'AO', 'AR', 'AT', 'AU', 'AZ', 'BA', 'BB', 'BD', 'BE', 'BF', 'BG', 'BH', 'BI', 'BJ', 'BN', 'BO', 'BR', 'BS', 'BT', 'BW', 'BY', 'BZ', 'CA', 'CH', 'CI', 'CL', 'CM', 'CO', 'CR', 'CV', 'CW', 'CY', 'CZ', 'DE', 'DJ', 'DK', 'DM', 'DO', 'DZ', 'EC', 'EE', 'EG', 'ES', 'FI', 'FJ', 'FM', 'FR', 'GA', 'GB', 'GD', 'GE', 'GH', 'GM', 'GN', 'GQ', 'GR', 'GT', 'GW', 'GY', 'HK', 'HN', 'HR', 'HT', 'HU', 'ID', 'IE', 'IL', 'IN', 'IS', 'IT', 'JM', 'JO', 'JP', 'KE', 'KG', 'KH', 'KI', 'KM', 'KN', 'KR', 'KW', 'KZ', 'LA', 'LB', 'LC', 'LI', 'LK', 'LR', 'LS', 'LT', 'LU', 'LV', 'MA', 'MC', 'MD', 'ME', 'MG', 'MH', 'MK', 'ML', 'MN', 'MO', 'MR', 'MT', 'MU', 'MV', 'MW', 'MX', 'MY', 'MZ', 'NA', 'NE', 'NG', 'NI', 'NL', 'NO', 'NP', 'NR', 'NZ', 'OM', 'PA', 'PE', 'PG', 'PH', 'PK', 'PL', 'PS', 'PT', 'PW', 'PY', 'QA', 'RO', 'RS', 'RU', 'RW', 'SA', 'SB', 'SC', 'SE', 'SG', 'SI', 'SK', 'SL', 'SM', 'SN', 'SR', 'ST', 'SV', 'SZ', 'TD', 'TG', 'TH', 'TL', 'TN', 'TO', 'TR', 'TT', 'TV', 'TW', 'TZ', 'UA', 'UG', 'US', 'UY', 'UZ', 'VC', 'VN', 'VU', 'WS', 'XK', 'ZA', 'ZM', 'ZW']",1,121487,False,{'isrc': 'USEAX1900043'},{'spotify': 'https://open.spotify.com/track/0sfn4rjGzd2mdQd4Bs6umW'},https://api.spotify.com/v1/tracks/0sfn4rjGzd2mdQd4Bs6umW,0sfn4rjGzd2mdQd4Bs6umW,False,Flip It Back,19,https://p.scdn.co/mp3-preview/10ef4dc6e783948eec965d13417b64bccc31639a?cid=527cc027556e4e75bde9716a7a0562a5,3,track,spotify:track:0sfn4rjGzd2mdQd4Bs6umW,1,0.779,0.673,10,-6.751,0,0.061,0.00743,0.749,0.102,0.334,93.436,audio_features,https://api.spotify.com/v1/tracks/0sfn4rjGzd2mdQd4Bs6umW,https://api.spotify.com/v1/audio-analysis/0sfn4rjGzd2mdQd4Bs6umW,121488,4
Peach,Sumwun,"['AD', 'AE', 'AG', 'AL', 'AM', 'AO', 'AR', 'AT', 'AU', 'AZ', 'BA', 'BB', 'BD', 'BE', 'BF', 'BG', 'BH', 'BI', 'BJ', 'BN', 'BO', 'BR', 'BS', 'BT', 'BW', 'BY', 'BZ', 'CA', 'CH', 'CI', 'CL', 'CM', 'CO', 'CR', 'CV', 'CW', 'CY', 'CZ', 'DE', 'DJ', 'DK', 'DM', 'DO', 'DZ', 'EC', 'EE', 'EG', 'ES', 'FI', 'FJ', 'FM', 'FR', 'GA', 'GB', 'GD', 'GE', 'GH', 'GM', 'GN', 'GQ', 'GR', 'GT', 'GW', 'GY', 'HK', 'HN', 'HR', 'HT', 'HU', 'ID', 'IE', 'IL', 'IN', 'IS', 'IT', 'JM', 'JO', 'JP', 'KE', 'KG', 'KH', 'KI', 'KM', 'KN', 'KR', 'KW', 'KZ', 'LA', 'LB', 'LC', 'LI', 'LK', 'LR', 'LS', 'LT', 'LU', 'LV', 'MA', 'MC', 'MD', 'ME', 'MG', 'MH', 'MK', 'ML', 'MN', 'MO', 'MR', 'MT', 'MU', 'MV', 'MW', 'MX', 'MY', 'MZ', 'NA', 'NE', 'NG', 'NI', 'NL', 'NO', 'NP', 'NR', 'NZ', 'OM', 'PA', 'PE', 'PG', 'PH', 'PK', 'PL', 'PS', 'PT', 'PW', 'PY', 'QA', 'RO', 'RS', 'RU', 'RW', 'SA', 'SB', 'SC', 'SE', 'SG', 'SI', 'SK', 'SL', 'SM', 'SN', 'SR', 'ST', 'SV', 'SZ', 'TD', 'TG', 'TH', 'TL', 'TN', 'TO', 'TR', 'TT', 'TV', 'TW', 'TZ', 'UA', 'UG', 'US', 'UY', 'UZ', 'VC', 'VN', 'VU', 'WS', 'XK', 'ZA', 'ZM', 'ZW']",1,106068,False,{'isrc': 'QZES61820662'},{'spotify': 'https://open.spotify.com/track/0UWGAf9iVGgPoQYD5PE2HO'},https://api.spotify.com/v1/tracks/0UWGAf9iVGgPoQYD5PE2HO,0UWGAf9iVGgPoQYD5PE2HO,False,coast,4,https://p.scdn.co/mp3-preview/76044a5855422201063786ba3c5d63c641b80efa?cid=527cc027556e4e75bde9716a7a0562a5,4,track,spotify:track:0UWGAf9iVGgPoQYD5PE2HO,1,0.791,0.507,1,-10.469,1,0.171,0.589,0.767,0.127,0.723,172.01,audio_features,https://api.spotify.com/v1/tracks/0UWGAf9iVGgPoQYD5PE2HO,https://api.spotify.com/v1/audio-analysis/0UWGAf9iVGgPoQYD5PE2HO,106068,4
The Narrows,Brock Berrigan,"['AD', 'AE', 'AG', 'AM', 'AO', 'AR', 'AT', 'AU', 'AZ', 'BB', 'BD', 'BE', 'BF', 'BG', 'BH', 'BI', 'BJ', 'BN', 'BO', 'BR', 'BS', 'BT', 'BW', 'BZ', 'CA', 'CH', 'CL', 'CM', 'CO', 'CR', 'CV', 'CW', 'CY', 'CZ', 'DE', 'DJ', 'DK', 'DM', 'DO', 'DZ', 'EC', 'EE', 'EG', 'ES', 'FI', 'FJ', 'FM', 'FR', 'GA', 'GB', 'GD', 'GE', 'GH', 'GM', 'GN', 'GQ', 'GR', 'GT', 'GW', 'GY', 'HK', 'HN', 'HT', 'HU', 'ID', 'IE', 'IL', 'IN', 'IS', 'IT', 'JM', 'JO', 'JP', 'KE', 'KG', 'KH', 'KI', 'KM', 'KN', 'KR', 'KW', 'KZ', 'LA', 'LB', 'LC', 'LI', 'LK', 'LS', 'LT', 'LU', 'LV', 'MA', 'MC', 'MD', 'MG', 'MH', 'ML', 'MN', 'MO', 'MR', 'MT', 'MU', 'MV', 'MW', 'MX', 'MY', 'MZ', 'NA', 'NE', 'NG', 'NI', 'NL', 'NO', 'NP', 'NR', 'NZ', 'OM', 'PA', 'PE', 'PG', 'PH', 'PK', 'PL', 'PS', 'PT', 'PW', 'PY', 'QA', 'RO', 'RU', 'RW', 'SA', 'SB', 'SC', 'SE', 'SG', 'SI', 'SK', 'SL', 'SM', 'SN', 'SR', 'ST', 'SV', 'SZ', 'TD', 'TG', 'TH', 'TL', 'TN', 'TO', 'TR', 'TT', 'TV', 'TW', 'TZ', 'UA', 'UG', 'US', 'UY', 'UZ', 'VC', 'VN', 'VU', 'WS', 'ZA', 'ZM']",1,118554,False,{'isrc': 'TCADN1852676'},{'spotify': 'https://open.spotify.com/track/4naOGyCshLbSSlRcjBpZuW'},https://api.spotify.com/v1/tracks/4naOGyCshLbSSlRcjBpZuW,4naOGyCshLbSSlRcjBpZuW,False,Continental Breakfast,17,https://p.scdn.co/mp3-preview/83561566eb7ea8bc10bdbe4cf4a237ff2f5237b7?cid=527cc027556e4e75bde9716a7a0562a5,16,track,spotify:track:4naOGyCshLbSSlRcjBpZuW,1,0.523,0.814,6,-5.081,0,0.101,0.0148,0.00119,0.237,0.51,83.044,audio_features,https://api.spotify.com/v1/tracks/4naOGyCshLbSSlRcjBpZuW,https://api.spotify.com/v1/audio-analysis/4naOGyCshLbSSlRcjBpZuW,118554,4
Hightide,"['Engelwood', 'Jeff Kaale']",[],1,117865,False,{'isrc': 'TCACW1758190'},{'spotify': 'https://open.spotify.com/track/3iDyqy6k56esGfFEzYPymp'},https://api.spotify.com/v1/tracks/3iDyqy6k56esGfFEzYPymp,3iDyqy6k56esGfFEzYPymp,False,Barbeque Music,9,,5,track,spotify:track:3iDyqy6k56esGfFEzYPymp,1,0.74,0.849,1,-5.428,1,0.211,0.141,0.0,0.178,0.755,91.002,audio_features,https://api.spotify.com/v1/tracks/3iDyqy6k56esGfFEzYPymp,https://api.spotify.com/v1/audio-analysis/3iDyqy6k56esGfFEzYPymp,117866,4
Summer Loves You,Oilix,"['AD', 'AE', 'AG', 'AL', 'AM', 'AO', 'AR', 'AT', 'AU', 'AZ', 'BA', 'BB', 'BD', 'BE', 'BF', 'BG', 'BH', 'BI', 'BJ', 'BN', 'BO', 'BR', 'BS', 'BT', 'BW', 'BY', 'BZ', 'CA', 'CH', 'CI', 'CL', 'CM', 'CO', 'CR', 'CV', 'CW', 'CY', 'CZ', 'DE', 'DJ', 'DK', 'DM', 'DO', 'DZ', 'EC', 'EE', 'EG', 'ES', 'FI', 'FJ', 'FM', 'FR', 'GA', 'GB', 'GD', 'GE', 'GH', 'GM', 'GN', 'GQ', 'GR', 'GT', 'GW', 'GY', 'HK', 'HN', 'HR', 'HT', 'HU', 'ID', 'IE', 'IL', 'IN', 'IS', 'IT', 'JM', 'JO', 'JP', 'KE', 'KG', 'KH', 'KI', 'KM', 'KN', 'KR', 'KW', 'KZ', 'LA', 'LB', 'LC', 'LI', 'LK', 'LR', 'LS', 'LT', 'LU', 'LV', 'MA', 'MC', 'MD', 'ME', 'MG', 'MH', 'MK', 'ML', 'MN', 'MO', 'MR', 'MT', 'MU', 'MV', 'MW', 'MX', 'MY', 'MZ', 'NA', 'NE', 'NG', 'NI', 'NL', 'NO', 'NP', 'NR', 'NZ', 'OM', 'PA', 'PE', 'PG', 'PH', 'PK', 'PL', 'PS', 'PT', 'PW', 'PY', 'QA', 'RO', 'RS', 'RU', 'RW', 'SA', 'SB', 'SC', 'SE', 'SG', 'SI', 'SK', 'SL', 'SM', 'SN', 'SR', 'ST', 'SV', 'SZ', 'TD', 'TG', 'TH', 'TL', 'TN', 'TO', 'TR', 'TT', 'TV', 'TW', 'TZ', 'UA', 'UG', 'US', 'UY', 'UZ', 'VC', 'VN', 'VU', 'WS', 'XK', 'ZA', 'ZM', 'ZW']",1,160000,False,{'isrc': 'FR9Z61900214'},{'spotify': 'https://open.spotify.com/track/75halFEJ8EHL8nL8XTDee8'},https://api.spotify.com/v1/tracks/75halFEJ8EHL8nL8XTDee8,75halFEJ8EHL8nL8XTDee8,False,Love,39,https://p.scdn.co/mp3-preview/e18149ab7f137862f2dd37f21590010995c7a08e?cid=527cc027556e4e75bde9716a7a0562a5,4,track,spotify:track:75halFEJ8EHL8nL8XTDee8,1,0.758,0.507,9,-5.03,1,0.0308,0.214,0.273,0.286,0.716,90.004,audio_features,https://api.spotify.com/v1/tracks/75halFEJ8EHL8nL8XTDee8,https://api.spotify.com/v1/audio-analysis/75halFEJ8EHL8nL8XTDee8,160000,4
"Sorry, I Like You",Burbank,"['AD', 'AE', 'AG', 'AL', 'AM', 'AO', 'AR', 'AT', 'AU', 'AZ', 'BA', 'BB', 'BD', 'BE', 'BF', 'BG', 'BH', 'BI', 'BJ', 'BN', 'BO', 'BR', 'BS', 'BT', 'BW', 'BY', 'BZ', 'CA', 'CH', 'CI', 'CL', 'CM', 'CO', 'CR', 'CV', 'CW', 'CY', 'CZ', 'DE', 'DJ', 'DK', 'DM', 'DO', 'DZ', 'EC', 'EE', 'EG', 'ES', 'FI', 'FJ', 'FM', 'FR', 'GA', 'GB', 'GD', 'GE', 'GH', 'GM', 'GN', 'GQ', 'GR', 'GT', 'GW', 'GY', 'HK', 'HN', 'HR', 'HT', 'HU', 'ID', 'IE', 'IL', 'IN', 'IS', 'IT', 'JM', 'JO', 'JP', 'KE', 'KG', 'KH', 'KI', 'KM', 'KN', 'KR', 'KW', 'KZ', 'LA', 'LB', 'LC', 'LI', 'LK', 'LR', 'LS', 'LT', 'LU', 'LV', 'MA', 'MC', 'MD', 'ME', 'MG', 'MH', 'MK', 'ML', 'MN', 'MO', 'MR', 'MT', 'MU', 'MV', 'MW', 'MX', 'MY', 'MZ', 'NA', 'NE', 'NG', 'NI', 'NL', 'NO', 'NP', 'NR', 'NZ', 'OM', 'PA', 'PE', 'PG', 'PH', 'PK', 'PL', 'PS', 'PT', 'PW', 'PY', 'QA', 'RO', 'RS', 'RU', 'RW', 'SA', 'SB', 'SC', 'SE', 'SG', 'SI', 'SK', 'SL', 'SM', 'SN', 'SR', 'ST', 'SV', 'SZ', 'TD', 'TG', 'TH', 'TL', 'TN', 'TO', 'TR', 'TT', 'TV', 'TW', 'TZ', 'UA', 'UG', 'US', 'UY', 'UZ', 'VC', 'VN', 'VU', 'WS', 'XK', 'ZA', 'ZM', 'ZW']",1,122790,False,{'isrc': 'QZ8LD1729683'},{'spotify': 'https://open.spotify.com/track/34MqDD3411uJQvXsqpZv3D'},https://api.spotify.com/v1/tracks/34MqDD3411uJQvXsqpZv3D,34MqDD3411uJQvXsqpZv3D,False,"Sorry, I Like You",65,https://p.scdn.co/mp3-preview/ff23c9fe598c0e1f75c2ec99ee57a16fcda55164?cid=527cc027556e4e75bde9716a7a0562a5,1,track,spotify:track:34MqDD3411uJQvXsqpZv3D,1,0.833,0.641,9,-6.337,1,0.0613,0.266,3.75e-06,0.268,0.586,86.02,audio_features,https://api.spotify.com/v1/tracks/34MqDD3411uJQvXsqpZv3D,https://api.spotify.com/v1/audio-analysis/34MqDD3411uJQvXsqpZv3D,122791,4
Chillhop Essentials Winter 2016,Juan Rios,[],1,167018,False,{'isrc': 'TCACU1638247'},{'spotify': 'https://open.spotify.com/track/1qzMdIU4amnTgVlN3Jc2ho'},https://api.spotify.com/v1/tracks/1qzMdIU4amnTgVlN3Jc2ho,1qzMdIU4amnTgVlN3Jc2ho,False,Pine Trees,0,,8,track,spotify:track:1qzMdIU4amnTgVlN3Jc2ho,1,0.489,0.249,9,-12.238,1,0.175,0.977,0.904,0.0789,0.484,87.101,audio_features,https://api.spotify.com/v1/tracks/1qzMdIU4amnTgVlN3Jc2ho,https://api.spotify.com/v1/audio-analysis/1qzMdIU4amnTgVlN3Jc2ho,167018,4
Eventide,Bonus Points,"['AD', 'AE', 'AG', 'AL', 'AM', 'AO', 'AR', 'AT', 'AU', 'AZ', 'BA', 'BB', 'BD', 'BE', 'BF', 'BG', 'BH', 'BJ', 'BN', 'BO', 'BR', 'BS', 'BT', 'BW', 'BZ', 'CA', 'CH', 'CL', 'CM', 'CO', 'CR', 'CV', 'CW', 'CY', 'CZ', 'DE', 'DJ', 'DK', 'DM', 'DO', 'DZ', 'EC', 'EE', 'EG', 'ES', 'FI', 'FJ', 'FM', 'FR', 'GA', 'GB', 'GD', 'GE', 'GH', 'GM', 'GN', 'GQ', 'GR', 'GT', 'GW', 'GY', 'HK', 'HN', 'HR', 'HT', 'HU', 'ID', 'IE', 'IL', 'IN', 'IS', 'IT', 'JM', 'JO', 'JP', 'KE', 'KG', 'KH', 'KI', 'KM', 'KN', 'KR', 'KW', 'KZ', 'LA', 'LB', 'LC', 'LI', 'LK', 'LR', 'LS', 'LT', 'LU', 'LV', 'MA', 'MC', 'MD', 'ME', 'MG', 'MH', 'MK', 'ML', 'MN', 'MO', 'MR', 'MT', 'MU', 'MV', 'MW', 'MX', 'MY', 'MZ', 'NA', 'NE', 'NG', 'NI', 'NL', 'NO', 'NP', 'NR', 'NZ', 'OM', 'PA', 'PE', 'PG', 'PH', 'PK', 'PL', 'PS', 'PT', 'PW', 'PY', 'QA', 'RO', 'RU', 'RW', 'SA', 'SB', 'SC', 'SE', 'SG', 'SI', 'SK', 'SL', 'SM', 'SN', 'SR', 'ST', 'SV', 'SZ', 'TD', 'TG', 'TH', 'TL', 'TN', 'TO', 'TR', 'TT', 'TV', 'TW', 'TZ', 'UA', 'UG', 'US', 'UY', 'UZ', 'VC', 'VN', 'VU', 'WS', 'ZA', 'ZM']",1,161565,False,{'isrc': 'TCADX1880602'},{'spotify': 'https://open.spotify.com/track/3XGjDwZtxorBfs3Ud2qKxz'},https://api.spotify.com/v1/tracks/3XGjDwZtxorBfs3Ud2qKxz,3XGjDwZtxorBfs3Ud2qKxz,False,Cocktails on the Patio,16,https://p.scdn.co/mp3-preview/135850b7f1e305e968fd5bc9e843698027912180?cid=527cc027556e4e75bde9716a7a0562a5,12,track,spotify:track:3XGjDwZtxorBfs3Ud2qKxz,1,0.812,0.612,1,-9.841,1,0.0611,0.0914,0.841,0.201,0.96,91.946,audio_features,https://api.spotify.com/v1/tracks/3XGjDwZtxorBfs3Ud2qKxz,https://api.spotify.com/v1/audio-analysis/3XGjDwZtxorBfs3Ud2qKxz,161565,4
Burberry,Minthaze,"['AD', 'AE', 'AG', 'AL', 'AM', 'AO', 'AR', 'AT', 'AU', 'AZ', 'BA', 'BB', 'BD', 'BE', 'BF', 'BG', 'BH', 'BI', 'BJ', 'BN', 'BO', 'BR', 'BS', 'BT', 'BW', 'BY', 'BZ', 'CA', 'CH', 'CI', 'CL', 'CM', 'CO', 'CR', 'CV', 'CW', 'CY', 'CZ', 'DE', 'DJ', 'DK', 'DM', 'DO', 'DZ', 'EC', 'EE', 'EG', 'ES', 'FI', 'FJ', 'FM', 'FR', 'GA', 'GB', 'GD', 'GE', 'GH', 'GM', 'GN', 'GQ', 'GR', 'GT', 'GW', 'GY', 'HK', 'HN', 'HR', 'HT', 'HU', 'ID', 'IE', 'IL', 'IN', 'IS', 'IT', 'JM', 'JO', 'JP', 'KE', 'KG', 'KH', 'KI', 'KM', 'KN', 'KR', 'KW', 'KZ', 'LA', 'LB', 'LC', 'LI', 'LK', 'LR', 'LS', 'LT', 'LU', 'LV', 'MA', 'MC', 'MD', 'ME', 'MG', 'MH', 'MK', 'ML', 'MN', 'MO', 'MR', 'MT', 'MU', 'MV', 'MW', 'MX', 'MY', 'MZ', 'NA', 'NE', 'NG', 'NI', 'NL', 'NO', 'NP', 'NR', 'NZ', 'OM', 'PA', 'PE', 'PG', 'PH', 'PK', 'PL', 'PS', 'PT', 'PW', 'PY', 'QA', 'RO', 'RS', 'RU', 'RW', 'SA', 'SB', 'SC', 'SE', 'SG', 'SI', 'SK', 'SL', 'SM', 'SN', 'SR', 'ST', 'SV', 'SZ', 'TD', 'TG', 'TH', 'TL', 'TN', 'TO', 'TR', 'TT', 'TV', 'TW', 'TZ', 'UA', 'UG', 'US', 'UY', 'UZ', 'VC', 'VN', 'VU', 'WS', 'XK', 'ZA', 'ZM', 'ZW']",1,120015,False,{'isrc': 'QM42K1877960'},{'spotify': 'https://open.spotify.com/track/7kA52KXYpsS0C1Xe1GTfnB'},https://api.spotify.com/v1/tracks/7kA52KXYpsS0C1Xe1GTfnB,7kA52KXYpsS0C1Xe1GTfnB,False,Burberry,9,https://p.scdn.co/mp3-preview/930c70f0d7ec1fc684b0626451a1214dc023babf?cid=527cc027556e4e75bde9716a7a0562a5,1,track,spotify:track:7kA52KXYpsS0C1Xe1GTfnB,1,0.825,0.591,10,-11.708,0,0.0598,0.106,0.793,0.0995,0.657,85.052,audio_features,https://api.spotify.com/v1/tracks/7kA52KXYpsS0C1Xe1GTfnB,https://api.spotify.com/v1/audio-analysis/7kA52KXYpsS0C1Xe1GTfnB,120016,4
Lapis Lazuli,Jazzinuf,"['AD', 'AE', 'AG', 'AL', 'AM', 'AO', 'AR', 'AT', 'AU', 'AZ', 'BA', 'BB', 'BD', 'BE', 'BF', 'BG', 'BH', 'BI', 'BJ', 'BN', 'BO', 'BR', 'BS', 'BT', 'BW', 'BY', 'BZ', 'CA', 'CH', 'CI', 'CL', 'CM', 'CO', 'CR', 'CV', 'CY', 'CZ', 'DE', 'DJ', 'DK', 'DM', 'DO', 'DZ', 'EC', 'EE', 'EG', 'ES', 'FI', 'FJ', 'FM', 'FR', 'GA', 'GB', 'GD', 'GE', 'GH', 'GM', 'GN', 'GQ', 'GR', 'GT', 'GW', 'GY', 'HK', 'HN', 'HR', 'HT', 'HU', 'ID', 'IE', 'IL', 'IN', 'IS', 'IT', 'JM', 'JO', 'JP', 'KE', 'KG', 'KH', 'KI', 'KM', 'KN', 'KR', 'KW', 'KZ', 'LA', 'LB', 'LC', 'LI', 'LK', 'LR', 'LS', 'LT', 'LU', 'LV', 'MA', 'MC', 'MD', 'ME', 'MG', 'MH', 'MK', 'ML', 'MN', 'MO', 'MR', 'MT', 'MU', 'MV', 'MW', 'MX', 'MY', 'MZ', 'NA', 'NE', 'NG', 'NI', 'NL', 'NO', 'NP', 'NR', 'NZ', 'OM', 'PA', 'PE', 'PG', 'PH', 'PK', 'PL', 'PT', 'PW', 'PY', 'QA', 'RO', 'RS', 'RU', 'RW', 'SA', 'SB', 'SC', 'SE', 'SG', 'SI', 'SK', 'SL', 'SM', 'SN', 'SR', 'ST', 'SV', 'SZ', 'TD', 'TG', 'TH', 'TL', 'TN', 'TO', 'TR', 'TT', 'TV', 'TW', 'TZ', 'UA', 'UG', 'US', 'UY', 'UZ', 'VC', 'VN', 'VU', 'WS', 'XK', 'ZA', 'ZM', 'ZW']",1,141333,False,{'isrc': 'USANG1904045'},{'spotify': 'https://open.spotify.com/track/20k7dNVQhMqPEYlOwFrmC6'},https://api.spotify.com/v1/tracks/20k7dNVQhMqPEYlOwFrmC6,20k7dNVQhMqPEYlOwFrmC6,False,Moonlight Bossa,43,https://p.scdn.co/mp3-preview/cfd4b43052e490cfcdbd83449ee2d72eca2428f5?cid=527cc027556e4e75bde9716a7a0562a5,1,track,spotify:track:20k7dNVQhMqPEYlOwFrmC6,1,0.532,0.942,8,-5.425,0,0.0965,0.166,0.182,0.218,0.599,179.825,audio_features,https://api.spotify.com/v1/tracks/20k7dNVQhMqPEYlOwFrmC6,https://api.spotify.com/v1/audio-analysis/20k7dNVQhMqPEYlOwFrmC6,141333,4
City Summer,Dyalla,"['AD', 'AE', 'AG', 'AL', 'AM', 'AO', 'AR', 'AT', 'AU', 'AZ', 'BA', 'BB', 'BD', 'BE', 'BF', 'BG', 'BH', 'BI', 'BJ', 'BN', 'BO', 'BR', 'BS', 'BT', 'BW', 'BY', 'BZ', 'CA', 'CH', 'CI', 'CL', 'CM', 'CO', 'CR', 'CV', 'CY', 'CZ', 'DE', 'DJ', 'DK', 'DM', 'DO', 'DZ', 'EC', 'EE', 'EG', 'ES', 'FI', 'FJ', 'FM', 'FR', 'GA', 'GB', 'GD', 'GE', 'GH', 'GM', 'GN', 'GQ', 'GR', 'GT', 'GW', 'GY', 'HK', 'HN', 'HR', 'HT', 'HU', 'ID', 'IE', 'IL', 'IN', 'IS', 'IT', 'JM', 'JO', 'JP', 'KE', 'KG', 'KH', 'KI', 'KM', 'KN', 'KR', 'KW', 'KZ', 'LA', 'LB', 'LC', 'LI', 'LK', 'LR', 'LS', 'LT', 'LU', 'LV', 'MA', 'MC', 'MD', 'ME', 'MG', 'MH', 'MK', 'ML', 'MN', 'MO', 'MR', 'MT', 'MU', 'MV', 'MW', 'MX', 'MY', 'MZ', 'NA', 'NE', 'NG', 'NI', 'NL', 'NO', 'NP', 'NR', 'NZ', 'OM', 'PA', 'PE', 'PG', 'PH', 'PK', 'PL', 'PS', 'PT', 'PW', 'PY', 'QA', 'RO', 'RS', 'RU', 'RW', 'SA', 'SB', 'SC', 'SE', 'SG', 'SI', 'SK', 'SL', 'SM', 'SN', 'SR', 'ST', 'SV', 'SZ', 'TD', 'TG', 'TH', 'TL', 'TN', 'TO', 'TR', 'TT', 'TV', 'TW', 'TZ', 'UA', 'UG', 'US', 'UY', 'UZ', 'VC', 'VN', 'VU', 'WS', 'XK', 'ZA', 'ZM', 'ZW']",1,111856,False,{'isrc': 'UST8K1682188'},{'spotify': 'https://open.spotify.com/track/19IGL5YYUdj1usadFsIuPf'},https://api.spotify.com/v1/tracks/19IGL5YYUdj1usadFsIuPf,19IGL5YYUdj1usadFsIuPf,False,Could You?,29,https://p.scdn.co/mp3-preview/e3d807443a0ca1c550c451544d73bb5c24a70cc4?cid=527cc027556e4e75bde9716a7a0562a5,2,track,spotify:track:19IGL5YYUdj1usadFsIuPf,1,0.558,0.569,6,-12.264,0,0.31,0.0433,0.277,0.07,0.962,175.54,audio_features,https://api.spotify.com/v1/tracks/19IGL5YYUdj1usadFsIuPf,https://api.spotify.com/v1/audio-analysis/19IGL5YYUdj1usadFsIuPf,111856,4
The Scenic Route,Brock Berrigan,"['AD', 'AE', 'AG', 'AL', 'AM', 'AO', 'AR', 'AT', 'AU', 'AZ', 'BA', 'BB', 'BD', 'BE', 'BF', 'BG', 'BH', 'BI', 'BJ', 'BN', 'BO', 'BR', 'BS', 'BT', 'BW', 'BY', 'BZ', 'CA', 'CH', 'CI', 'CL', 'CM', 'CO', 'CR', 'CV', 'CW', 'CY', 'CZ', 'DE', 'DJ', 'DK', 'DM', 'DO', 'DZ', 'EC', 'EE', 'EG', 'ES', 'FI', 'FJ', 'FM', 'FR', 'GA', 'GB', 'GD', 'GE', 'GH', 'GM', 'GN', 'GQ', 'GR', 'GT', 'GW', 'GY', 'HK', 'HN', 'HR', 'HT', 'HU', 'ID', 'IE', 'IL', 'IN', 'IS', 'IT', 'JM', 'JO', 'JP', 'KE', 'KG', 'KH', 'KI', 'KM', 'KN', 'KR', 'KW', 'KZ', 'LA', 'LB', 'LC', 'LI', 'LK', 'LR', 'LS', 'LT', 'LU', 'LV', 'MA', 'MC', 'MD', 'ME', 'MG', 'MH', 'MK', 'ML', 'MN', 'MO', 'MR', 'MT', 'MU', 'MV', 'MW', 'MX', 'MY', 'MZ', 'NA', 'NE', 'NG', 'NI', 'NL', 'NO', 'NP', 'NR', 'NZ', 'OM', 'PA', 'PE', 'PG', 'PH', 'PK', 'PL', 'PS', 'PT', 'PW', 'PY', 'QA', 'RO', 'RS', 'RU', 'RW', 'SA', 'SB', 'SC', 'SE', 'SG', 'SI', 'SK', 'SL', 'SM', 'SN', 'SR', 'ST', 'SV', 'SZ', 'TD', 'TG', 'TH', 'TL', 'TN', 'TO', 'TR', 'TT', 'TV', 'TW', 'TZ', 'UA', 'UG', 'US', 'UY', 'UZ', 'VC', 'VN', 'VU', 'WS', 'XK', 'ZA', 'ZM', 'ZW']",1,122790,False,{'isrc': 'QZFZ21974431'},{'spotify': 'https://open.spotify.com/track/6cG0FVSm9Symr8Q4kTuWD4'},https://api.spotify.com/v1/tracks/6cG0FVSm9Symr8Q4kTuWD4,6cG0FVSm9Symr8Q4kTuWD4,False,An Old Love Tale,25,https://p.scdn.co/mp3-preview/76114760c0e41a0f247f6e1261524fe1377f7b69?cid=527cc027556e4e75bde9716a7a0562a5,2,track,spotify:track:6cG0FVSm9Symr8Q4kTuWD4,1,0.828,0.564,8,-8.383,1,0.109,0.129,0.733,0.106,0.735,86.067,audio_features,https://api.spotify.com/v1/tracks/6cG0FVSm9Symr8Q4kTuWD4,https://api.spotify.com/v1/audio-analysis/6cG0FVSm9Symr8Q4kTuWD4,122791,4
SAILING LP,tajima hal,"['AD', 'AE', 'AG', 'AL', 'AM', 'AO', 'AR', 'AT', 'AU', 'AZ', 'BA', 'BB', 'BD', 'BE', 'BF', 'BG', 'BH', 'BI', 'BJ', 'BN', 'BO', 'BR', 'BS', 'BT', 'BW', 'BY', 'BZ', 'CA', 'CH', 'CI', 'CL', 'CM', 'CO', 'CR', 'CV', 'CW', 'CY', 'CZ', 'DE', 'DJ', 'DK', 'DM', 'DO', 'DZ', 'EC', 'EE', 'EG', 'ES', 'FI', 'FJ', 'FM', 'FR', 'GA', 'GB', 'GD', 'GE', 'GH', 'GM', 'GN', 'GQ', 'GR', 'GT', 'GW', 'GY', 'HK', 'HN', 'HR', 'HT', 'HU', 'ID', 'IE', 'IL', 'IN', 'IS', 'IT', 'JM', 'JO', 'KE', 'KG', 'KH', 'KI', 'KM', 'KN', 'KR', 'KW', 'KZ', 'LA', 'LB', 'LC', 'LI', 'LK', 'LR', 'LS', 'LT', 'LU', 'LV', 'MA', 'MC', 'MD', 'ME', 'MG', 'MH', 'MK', 'ML', 'MN', 'MO', 'MR', 'MT', 'MU', 'MV', 'MW', 'MX', 'MY', 'MZ', 'NA', 'NE', 'NG', 'NI', 'NL', 'NO', 'NP', 'NR', 'NZ', 'OM', 'PA', 'PE', 'PG', 'PH', 'PK', 'PL', 'PS', 'PT', 'PW', 'PY', 'QA', 'RO', 'RS', 'RU', 'RW', 'SA', 'SB', 'SC', 'SE', 'SG', 'SI', 'SK', 'SL', 'SM', 'SN', 'SR', 'ST', 'SV', 'SZ', 'TD', 'TG', 'TH', 'TL', 'TN', 'TO', 'TR', 'TT', 'TV', 'TW', 'TZ', 'UA', 'UG', 'US', 'UY', 'UZ', 'VC', 'VN', 'VU', 'WS', 'XK', 'ZA', 'ZM', 'ZW']",1,81375,False,{'isrc': 'TCJPF1786106'},{'spotify': 'https://open.spotify.com/track/4sJr8UqtqjFvlREywPHehr'},https://api.spotify.com/v1/tracks/4sJr8UqtqjFvlREywPHehr,4sJr8UqtqjFvlREywPHehr,False,honestly,18,https://p.scdn.co/mp3-preview/c4da0104f493917b4d304d35ca67b3caa821ba58?cid=527cc027556e4e75bde9716a7a0562a5,8,track,spotify:track:4sJr8UqtqjFvlREywPHehr,1,0.549,0.671,6,-10.052,0,0.0528,0.74,0.974,0.113,0.648,149.896,audio_features,https://api.spotify.com/v1/tracks/4sJr8UqtqjFvlREywPHehr,https://api.spotify.com/v1/audio-analysis/4sJr8UqtqjFvlREywPHehr,81375,4
Playground Sessions Vol 1,isaintjames,[],1,167215,False,{'isrc': 'GBMA21877250'},{'spotify': 'https://open.spotify.com/track/37fg0CxTqYJa829ypUh8b2'},https://api.spotify.com/v1/tracks/37fg0CxTqYJa829ypUh8b2,37fg0CxTqYJa829ypUh8b2,False,Potions,0,,7,track,spotify:track:37fg0CxTqYJa829ypUh8b2,1,0.71,0.536,11,-9.195,1,0.0235,0.278,0.636,0.123,0.743,87.997,audio_features,https://api.spotify.com/v1/tracks/37fg0CxTqYJa829ypUh8b2,https://api.spotify.com/v1/audio-analysis/37fg0CxTqYJa829ypUh8b2,167216,4
Benefits,Didi Crazzz,"['AD', 'AE', 'AG', 'AL', 'AM', 'AO', 'AR', 'AT', 'AU', 'AZ', 'BA', 'BB', 'BD', 'BE', 'BF', 'BG', 'BH', 'BI', 'BJ', 'BN', 'BO', 'BR', 'BS', 'BT', 'BW', 'BY', 'BZ', 'CA', 'CH', 'CI', 'CL', 'CM', 'CO', 'CR', 'CV', 'CW', 'CY', 'CZ', 'DE', 'DJ', 'DK', 'DM', 'DO', 'DZ', 'EC', 'EE', 'EG', 'ES', 'FI', 'FJ', 'FM', 'FR', 'GA', 'GB', 'GD', 'GE', 'GH', 'GM', 'GN', 'GQ', 'GR', 'GT', 'GW', 'GY', 'HK', 'HN', 'HR', 'HT', 'HU', 'ID', 'IE', 'IL', 'IN', 'IS', 'IT', 'JM', 'JO', 'JP', 'KE', 'KG', 'KH', 'KI', 'KM', 'KN', 'KR', 'KW', 'KZ', 'LA', 'LB', 'LC', 'LI', 'LK', 'LR', 'LS', 'LT', 'LU', 'LV', 'MA', 'MC', 'MD', 'ME', 'MG', 'MH', 'MK', 'ML', 'MN', 'MO', 'MR', 'MT', 'MU', 'MV', 'MW', 'MX', 'MY', 'MZ', 'NA', 'NE', 'NG', 'NI', 'NL', 'NO', 'NP', 'NR', 'NZ', 'OM', 'PA', 'PE', 'PG', 'PH', 'PK', 'PL', 'PS', 'PT', 'PW', 'PY', 'QA', 'RO', 'RS', 'RU', 'RW', 'SA', 'SB', 'SC', 'SE', 'SG', 'SI', 'SK', 'SL', 'SM', 'SN', 'SR', 'ST', 'SV', 'SZ', 'TD', 'TG', 'TH', 'TL', 'TN', 'TO', 'TR', 'TT', 'TV', 'TW', 'TZ', 'UA', 'UG', 'US', 'UY', 'UZ', 'VC', 'VN', 'VU', 'WS', 'XK', 'ZA', 'ZM', 'ZW']",1,159207,False,{'isrc': 'FR9Z61700075'},{'spotify': 'https://open.spotify.com/track/3FSv45lFIK0Wmk4kibiB45'},https://api.spotify.com/v1/tracks/3FSv45lFIK0Wmk4kibiB45,3FSv45lFIK0Wmk4kibiB45,False,Benefits,31,https://p.scdn.co/mp3-preview/9a82c623b25ff2d3a6ebd5bc878d5254321ceafa?cid=527cc027556e4e75bde9716a7a0562a5,1,track,spotify:track:3FSv45lFIK0Wmk4kibiB45,1,0.732,0.46,1,-10.591,0,0.0305,0.0186,0.76,0.0775,0.901,92.095,audio_features,https://api.spotify.com/v1/tracks/3FSv45lFIK0Wmk4kibiB45,https://api.spotify.com/v1/audio-analysis/3FSv45lFIK0Wmk4kibiB45,159208,4
Happy Hour,Cody G,"['AD', 'AE', 'AG', 'AL', 'AM', 'AO', 'AR', 'AT', 'AU', 'AZ', 'BA', 'BB', 'BD', 'BE', 'BF', 'BG', 'BH', 'BI', 'BJ', 'BN', 'BO', 'BR', 'BS', 'BT', 'BW', 'BY', 'BZ', 'CA', 'CH', 'CI', 'CL', 'CM', 'CO', 'CR', 'CV', 'CW', 'CY', 'CZ', 'DE', 'DJ', 'DK', 'DM', 'DO', 'DZ', 'EC', 'EE', 'EG', 'ES', 'FI', 'FJ', 'FM', 'FR', 'GA', 'GB', 'GD', 'GE', 'GH', 'GM', 'GN', 'GQ', 'GR', 'GT', 'GW', 'GY', 'HK', 'HN', 'HR', 'HT', 'HU', 'ID', 'IE', 'IL', 'IN', 'IS', 'IT', 'JM', 'JO', 'JP', 'KE', 'KG', 'KH', 'KI', 'KM', 'KN', 'KR', 'KW', 'KZ', 'LA', 'LB', 'LC', 'LI', 'LK', 'LR', 'LS', 'LT', 'LU', 'LV', 'MA', 'MC', 'MD', 'ME', 'MG', 'MH', 'MK', 'ML', 'MN', 'MO', 'MR', 'MT', 'MU', 'MV', 'MW', 'MX', 'MY', 'MZ', 'NA', 'NE', 'NG', 'NI', 'NL', 'NO', 'NP', 'NR', 'NZ', 'OM', 'PA', 'PE', 'PG', 'PH', 'PK', 'PL', 'PS', 'PT', 'PW', 'PY', 'QA', 'RO', 'RS', 'RU', 'RW', 'SA', 'SB', 'SC', 'SE', 'SG', 'SI', 'SK', 'SL', 'SM', 'SN', 'SR', 'ST', 'SV', 'SZ', 'TD', 'TG', 'TH', 'TL', 'TN', 'TO', 'TR', 'TT', 'TV', 'TW', 'TZ', 'UA', 'UG', 'US', 'UY', 'UZ', 'VC', 'VN', 'VU', 'WS', 'XK', 'ZA', 'ZM', 'ZW']",1,165773,False,{'isrc': 'QZDA71849351'},{'spotify': 'https://open.spotify.com/track/6T9sa5hvXZitjbY9eJhokX'},https://api.spotify.com/v1/tracks/6T9sa5hvXZitjbY9eJhokX,6T9sa5hvXZitjbY9eJhokX,False,Happy Hour,29,https://p.scdn.co/mp3-preview/151de6beb9289c7fcc40e4d929feeef4ca5e7e2c?cid=527cc027556e4e75bde9716a7a0562a5,1,track,spotify:track:6T9sa5hvXZitjbY9eJhokX,1,0.701,0.799,5,-5.909,1,0.182,0.154,0.41,0.234,0.884,96.976,audio_features,https://api.spotify.com/v1/tracks/6T9sa5hvXZitjbY9eJhokX,https://api.spotify.com/v1/audio-analysis/6T9sa5hvXZitjbY9eJhokX,165773,4
Captivating,Minthaze,[],1,130473,False,{'isrc': 'QM42K1706949'},{'spotify': 'https://open.spotify.com/track/3ZZhQe6ou0Ys6vTYK5wt7K'},https://api.spotify.com/v1/tracks/3ZZhQe6ou0Ys6vTYK5wt7K,3ZZhQe6ou0Ys6vTYK5wt7K,False,Catchin' Feelings,0,,10,track,spotify:track:3ZZhQe6ou0Ys6vTYK5wt7K,1,0.671,0.411,2,-7.214,0,0.0405,0.832,0.487,0.339,0.652,79.149,audio_features,https://api.spotify.com/v1/tracks/3ZZhQe6ou0Ys6vTYK5wt7K,https://api.spotify.com/v1/audio-analysis/3ZZhQe6ou0Ys6vTYK5wt7K,130473,4
Beat Batch #2,Blvk,"['AD', 'AE', 'AG', 'AL', 'AM', 'AO', 'AR', 'AT', 'AU', 'AZ', 'BA', 'BB', 'BD', 'BE', 'BF', 'BG', 'BH', 'BI', 'BJ', 'BN', 'BO', 'BR', 'BS', 'BT', 'BW', 'BY', 'BZ', 'CA', 'CH', 'CI', 'CL', 'CM', 'CO', 'CR', 'CV', 'CW', 'CY', 'CZ', 'DE', 'DJ', 'DK', 'DM', 'DO', 'DZ', 'EC', 'EE', 'EG', 'ES', 'FI', 'FJ', 'FM', 'FR', 'GA', 'GB', 'GD', 'GE', 'GH', 'GM', 'GN', 'GQ', 'GR', 'GT', 'GW', 'GY', 'HK', 'HN', 'HR', 'HT', 'HU', 'ID', 'IE', 'IL', 'IN', 'IS', 'IT', 'JM', 'JO', 'JP', 'KE', 'KG', 'KH', 'KI', 'KM', 'KN', 'KR', 'KW', 'KZ', 'LA', 'LB', 'LC', 'LI', 'LK', 'LR', 'LS', 'LT', 'LU', 'LV', 'MA', 'MC', 'MD', 'ME', 'MG', 'MH', 'MK', 'ML', 'MN', 'MO', 'MR', 'MT', 'MU', 'MV', 'MW', 'MX', 'MY', 'MZ', 'NA', 'NE', 'NG', 'NI', 'NL', 'NO', 'NP', 'NR', 'NZ', 'OM', 'PA', 'PE', 'PG', 'PH', 'PK', 'PL', 'PS', 'PT', 'PW', 'PY', 'QA', 'RO', 'RS', 'RU', 'RW', 'SA', 'SB', 'SC', 'SE', 'SG', 'SI', 'SK', 'SL', 'SM', 'SN', 'SR', 'ST', 'SV', 'SZ', 'TD', 'TG', 'TH', 'TL', 'TN', 'TO', 'TR', 'TT', 'TV', 'TW', 'TZ', 'UA', 'UG', 'US', 'UY', 'UZ', 'VC', 'VN', 'VU', 'WS', 'XK', 'ZA', 'ZM', 'ZW']",1,77844,False,{'isrc': 'QZ9JZ1774958'},{'spotify': 'https://open.spotify.com/track/3gQSWGaCoaxONqXitmn7GX'},https://api.spotify.com/v1/tracks/3gQSWGaCoaxONqXitmn7GX,3gQSWGaCoaxONqXitmn7GX,False,Air,50,https://p.scdn.co/mp3-preview/6abaced6aa56b6652e6ac4baa6963720b9eddddc?cid=527cc027556e4e75bde9716a7a0562a5,2,track,spotify:track:3gQSWGaCoaxONqXitmn7GX,1,0.567,0.335,11,-9.088,0,0.175,0.000179,0.74,0.275,0.135,148.094,audio_features,https://api.spotify.com/v1/tracks/3gQSWGaCoaxONqXitmn7GX,https://api.spotify.com/v1/audio-analysis/3gQSWGaCoaxONqXitmn7GX,77845,4
Loops,Ameba,"['AD', 'AE', 'AG', 'AL', 'AM', 'AO', 'AR', 'AT', 'AU', 'AZ', 'BA', 'BB', 'BD', 'BE', 'BF', 'BG', 'BH', 'BI', 'BJ', 'BN', 'BO', 'BR', 'BS', 'BT', 'BW', 'BY', 'BZ', 'CA', 'CH', 'CI', 'CL', 'CM', 'CO', 'CR', 'CV', 'CW', 'CY', 'CZ', 'DE', 'DJ', 'DK', 'DM', 'DO', 'DZ', 'EC', 'EE', 'EG', 'ES', 'FI', 'FJ', 'FM', 'FR', 'GA', 'GB', 'GD', 'GE', 'GH', 'GM', 'GN', 'GQ', 'GR', 'GT', 'GW', 'GY', 'HK', 'HN', 'HR', 'HT', 'HU', 'ID', 'IE', 'IL', 'IN', 'IS', 'IT', 'JM', 'JO', 'JP', 'KE', 'KG', 'KH', 'KI', 'KM', 'KN', 'KR', 'KW', 'KZ', 'LA', 'LB', 'LC', 'LI', 'LK', 'LR', 'LS', 'LT', 'LU', 'LV', 'MA', 'MC', 'MD', 'ME', 'MG', 'MH', 'MK', 'ML', 'MN', 'MO', 'MR', 'MT', 'MU', 'MV', 'MW', 'MX', 'MY', 'MZ', 'NA', 'NE', 'NG', 'NI', 'NL', 'NO', 'NP', 'NR', 'NZ', 'OM', 'PA', 'PE', 'PG', 'PH', 'PK', 'PL', 'PS', 'PT', 'PW', 'PY', 'QA', 'RO', 'RS', 'RU', 'RW', 'SA', 'SB', 'SC', 'SE', 'SG', 'SI', 'SK', 'SL', 'SM', 'SN', 'SR', 'ST', 'SV', 'SZ', 'TD', 'TG', 'TH', 'TL', 'TN', 'TO', 'TR', 'TT', 'TV', 'TW', 'TZ', 'UA', 'UG', 'US', 'UY', 'UZ', 'VC', 'VN', 'VU', 'WS', 'XK', 'ZA', 'ZM', 'ZW']",1,67030,False,{'isrc': 'QZCE61820564'},{'spotify': 'https://open.spotify.com/track/3LGiL3BxjFcOE6DKkXNqYR'},https://api.spotify.com/v1/tracks/3LGiL3BxjFcOE6DKkXNqYR,3LGiL3BxjFcOE6DKkXNqYR,False,1k,39,https://p.scdn.co/mp3-preview/1f3621c057a31c3fb1c84e8e0fdef81c2f2ac7bc?cid=527cc027556e4e75bde9716a7a0562a5,1,track,spotify:track:3LGiL3BxjFcOE6DKkXNqYR,1,0.797,0.274,7,-14.074,0,0.0996,0.905,0.924,0.124,0.507,86.158,audio_features,https://api.spotify.com/v1/tracks/3LGiL3BxjFcOE6DKkXNqYR,https://api.spotify.com/v1/audio-analysis/3LGiL3BxjFcOE6DKkXNqYR,67030,4
Harbor,Tomppabeats,"['CA', 'US']",1,52602,False,{'isrc': 'DEQ121639484'},{'spotify': 'https://open.spotify.com/track/3pUMsLZIy50bhHOR8K8EKG'},https://api.spotify.com/v1/tracks/3pUMsLZIy50bhHOR8K8EKG,3pUMsLZIy50bhHOR8K8EKG,False,Far Away,53,https://p.scdn.co/mp3-preview/0fcf58fda3b69e2967739bc8a7b08d85a7a580df?cid=527cc027556e4e75bde9716a7a0562a5,1,track,spotify:track:3pUMsLZIy50bhHOR8K8EKG,1,0.675,0.495,10,-11.151,0,0.0957,0.444,0.964,0.162,0.718,73.117,audio_features,https://api.spotify.com/v1/tracks/3pUMsLZIy50bhHOR8K8EKG,https://api.spotify.com/v1/audio-analysis/3pUMsLZIy50bhHOR8K8EKG,52603,4
Alone,iwamizu,"['AD', 'AE', 'AG', 'AL', 'AM', 'AO', 'AR', 'AT', 'AU', 'AZ', 'BA', 'BB', 'BD', 'BE', 'BF', 'BG', 'BH', 'BI', 'BJ', 'BN', 'BO', 'BR', 'BS', 'BT', 'BW', 'BY', 'BZ', 'CA', 'CH', 'CI', 'CL', 'CM', 'CO', 'CR', 'CV', 'CW', 'CY', 'CZ', 'DE', 'DJ', 'DK', 'DM', 'DO', 'DZ', 'EC', 'EE', 'EG', 'ES', 'FI', 'FJ', 'FM', 'FR', 'GA', 'GB', 'GD', 'GE', 'GH', 'GM', 'GN', 'GQ', 'GR', 'GT', 'GW', 'GY', 'HK', 'HN', 'HR', 'HT', 'HU', 'ID', 'IE', 'IL', 'IN', 'IS', 'IT', 'JM', 'JO', 'KE', 'KG', 'KH', 'KI', 'KM', 'KN', 'KR', 'KW', 'KZ', 'LA', 'LB', 'LC', 'LI', 'LK', 'LR', 'LS', 'LT', 'LU', 'LV', 'MA', 'MC', 'MD', 'ME', 'MG', 'MH', 'MK', 'ML', 'MN', 'MO', 'MR', 'MT', 'MU', 'MV', 'MW', 'MX', 'MY', 'MZ', 'NA', 'NE', 'NG', 'NI', 'NL', 'NO', 'NP', 'NR', 'NZ', 'OM', 'PA', 'PE', 'PG', 'PH', 'PK', 'PL', 'PS', 'PT', 'PW', 'PY', 'QA', 'RO', 'RS', 'RU', 'RW', 'SA', 'SB', 'SC', 'SE', 'SG', 'SI', 'SK', 'SL', 'SM', 'SN', 'SR', 'ST', 'SV', 'SZ', 'TD', 'TG', 'TH', 'TL', 'TN', 'TO', 'TR', 'TT', 'TV', 'TW', 'TZ', 'UA', 'UG', 'US', 'UY', 'UZ', 'VC', 'VN', 'VU', 'WS', 'XK', 'ZA', 'ZM', 'ZW']",1,185261,False,{'isrc': 'TCJPE1662982'},{'spotify': 'https://open.spotify.com/track/4UTiiQu1gVGzVNYb92dytk'},https://api.spotify.com/v1/tracks/4UTiiQu1gVGzVNYb92dytk,4UTiiQu1gVGzVNYb92dytk,False,Rinki,33,https://p.scdn.co/mp3-preview/dbc74f387d07e712f164060ae5cc7ecef1510e9b?cid=527cc027556e4e75bde9716a7a0562a5,2,track,spotify:track:4UTiiQu1gVGzVNYb92dytk,1,0.704,0.579,0,-7.336,0,0.0728,0.631,0.565,0.211,0.622,152.02,audio_features,https://api.spotify.com/v1/tracks/4UTiiQu1gVGzVNYb92dytk,https://api.spotify.com/v1/audio-analysis/4UTiiQu1gVGzVNYb92dytk,185262,4
Four Walls and an Amplifier,Brock Berrigan,"['AD', 'AE', 'AG', 'AL', 'AM', 'AO', 'AR', 'AT', 'AU', 'AZ', 'BA', 'BB', 'BD', 'BE', 'BF', 'BG', 'BH', 'BJ', 'BN', 'BO', 'BR', 'BS', 'BT', 'BW', 'BZ', 'CA', 'CH', 'CL', 'CM', 'CO', 'CR', 'CV', 'CY', 'CZ', 'DE', 'DJ', 'DK', 'DM', 'DO', 'DZ', 'EC', 'EE', 'EG', 'ES', 'FI', 'FJ', 'FM', 'FR', 'GA', 'GB', 'GD', 'GE', 'GH', 'GM', 'GN', 'GQ', 'GR', 'GT', 'GW', 'GY', 'HK', 'HN', 'HR', 'HT', 'HU', 'ID', 'IE', 'IL', 'IN', 'IS', 'IT', 'JM', 'JO', 'JP', 'KE', 'KG', 'KH', 'KI', 'KM', 'KN', 'KR', 'KW', 'KZ', 'LA', 'LB', 'LC', 'LI', 'LK', 'LR', 'LS', 'LT', 'LU', 'LV', 'MA', 'MC', 'MD', 'ME', 'MG', 'MH', 'MK', 'ML', 'MN', 'MO', 'MR', 'MT', 'MU', 'MV', 'MW', 'MX', 'MY', 'MZ', 'NA', 'NE', 'NG', 'NI', 'NL', 'NO', 'NP', 'NR', 'NZ', 'OM', 'PA', 'PE', 'PG', 'PH', 'PK', 'PL', 'PS', 'PT', 'PW', 'PY', 'QA', 'RO', 'RU', 'RW', 'SA', 'SB', 'SC', 'SE', 'SG', 'SI', 'SK', 'SL', 'SM', 'SN', 'SR', 'ST', 'SV', 'SZ', 'TD', 'TG', 'TH', 'TL', 'TN', 'TO', 'TR', 'TT', 'TV', 'TW', 'TZ', 'UA', 'UG', 'US', 'UY', 'UZ', 'VC', 'VN', 'VU', 'WS', 'ZA', 'ZM']",1,136296,False,{'isrc': 'TCACD1521260'},{'spotify': 'https://open.spotify.com/track/78QpmBwaiYsCj3L599n6P3'},https://api.spotify.com/v1/tracks/78QpmBwaiYsCj3L599n6P3,78QpmBwaiYsCj3L599n6P3,False,The Good Times,26,https://p.scdn.co/mp3-preview/d2b2dfb7f24970d6fd8983eff0b5d0436e74c814?cid=527cc027556e4e75bde9716a7a0562a5,12,track,spotify:track:78QpmBwaiYsCj3L599n6P3,1,0.855,0.832,11,-2.541,0,0.123,0.17,0.0805,0.117,0.505,81.012,audio_features,https://api.spotify.com/v1/tracks/78QpmBwaiYsCj3L599n6P3,https://api.spotify.com/v1/audio-analysis/78QpmBwaiYsCj3L599n6P3,136296,4
Devastation,Beartooth,"['AD', 'AE', 'AG', 'AL', 'AM', 'AO', 'AR', 'AT', 'AU', 'AZ', 'BA', 'BB', 'BD', 'BE', 'BF', 'BG', 'BH', 'BI', 'BJ', 'BN', 'BO', 'BR', 'BS', 'BT', 'BW', 'BY', 'BZ', 'CA', 'CH', 'CI', 'CL', 'CM', 'CO', 'CR', 'CV', 'CY', 'CZ', 'DE', 'DJ', 'DK', 'DM', 'DO', 'DZ', 'EC', 'EE', 'EG', 'ES', 'FI', 'FJ', 'FM', 'FR', 'GA', 'GB', 'GD', 'GE', 'GH', 'GM', 'GN', 'GQ', 'GR', 'GT', 'GW', 'GY', 'HK', 'HN', 'HR', 'HT', 'HU', 'ID', 'IE', 'IL', 'IN', 'IS', 'IT', 'JM', 'JO', 'JP', 'KE', 'KG', 'KH', 'KI', 'KM', 'KN', 'KR', 'KW', 'KZ', 'LA', 'LB', 'LC', 'LI', 'LK', 'LR', 'LS', 'LT', 'LU', 'LV', 'MA', 'MC', 'MD', 'ME', 'MG', 'MH', 'MK', 'ML', 'MN', 'MO', 'MR', 'MT', 'MU', 'MV', 'MW', 'MX', 'MY', 'MZ', 'NA', 'NE', 'NG', 'NI', 'NL', 'NO', 'NP', 'NR', 'NZ', 'OM', 'PA', 'PE', 'PG', 'PH', 'PK', 'PL', 'PS', 'PT', 'PW', 'PY', 'QA', 'RO', 'RS', 'RU', 'RW', 'SA', 'SB', 'SC', 'SE', 'SG', 'SI', 'SK', 'SL', 'SM', 'SN', 'SR', 'ST', 'SV', 'SZ', 'TD', 'TG', 'TH', 'TL', 'TN', 'TO', 'TR', 'TT', 'TV', 'TW', 'TZ', 'UA', 'UG', 'US', 'UY', 'UZ', 'VC', 'VN', 'VU', 'WS', 'XK', 'ZA', 'ZM', 'ZW']",1,221748,False,{'isrc': 'USP6L2000593'},{'spotify': 'https://open.spotify.com/track/7JlMigJUTnVlmXODusrtdF'},https://api.spotify.com/v1/tracks/7JlMigJUTnVlmXODusrtdF,7JlMigJUTnVlmXODusrtdF,False,Devastation,63,https://p.scdn.co/mp3-preview/528308d1e263132088b7a07c52227b13646c72c4?cid=527cc027556e4e75bde9716a7a0562a5,1,track,spotify:track:7JlMigJUTnVlmXODusrtdF,0,0.501,0.988,1,-3.339,1,0.12,6.02e-05,5.54e-05,0.394,0.192,94.953,audio_features,https://api.spotify.com/v1/tracks/7JlMigJUTnVlmXODusrtdF,https://api.spotify.com/v1/audio-analysis/7JlMigJUTnVlmXODusrtdF,221748,4
Negative Noise,Tetrarch,"['AD', 'AE', 'AG', 'AL', 'AM', 'AO', 'AR', 'AU', 'AZ', 'BB', 'BD', 'BE', 'BF', 'BG', 'BH', 'BI', 'BJ', 'BN', 'BO', 'BR', 'BS', 'BT', 'BW', 'BY', 'BZ', 'CA', 'CI', 'CL', 'CM', 'CO', 'CR', 'CV', 'CY', 'CZ', 'DJ', 'DK', 'DM', 'DO', 'DZ', 'EC', 'EE', 'EG', 'ES', 'FI', 'FJ', 'FM', 'FR', 'GA', 'GB', 'GD', 'GE', 'GH', 'GM', 'GN', 'GQ', 'GR', 'GT', 'GW', 'GY', 'HK', 'HN', 'HT', 'HU', 'ID', 'IE', 'IL', 'IN', 'IS', 'IT', 'JM', 'JO', 'JP', 'KE', 'KG', 'KH', 'KI', 'KM', 'KN', 'KR', 'KW', 'KZ', 'LA', 'LB', 'LC', 'LI', 'LK', 'LR', 'LS', 'LT', 'LU', 'LV', 'MA', 'MC', 'MD', 'MG', 'MH', 'ML', 'MN', 'MO', 'MR', 'MT', 'MU', 'MV', 'MW', 'MX', 'MY', 'MZ', 'NA', 'NE', 'NG', 'NI', 'NL', 'NO', 'NP', 'NR', 'NZ', 'OM', 'PA', 'PE', 'PG', 'PH', 'PK', 'PL', 'PS', 'PT', 'PW', 'PY', 'QA', 'RO', 'RU', 'RW', 'SA', 'SB', 'SC', 'SE', 'SG', 'SK', 'SL', 'SM', 'SN', 'SR', 'ST', 'SV', 'SZ', 'TD', 'TG', 'TH', 'TL', 'TN', 'TO', 'TR', 'TT', 'TV', 'TW', 'TZ', 'UA', 'UG', 'UY', 'UZ', 'VC', 'VN', 'VU', 'WS', 'ZA', 'ZM', 'ZW']",1,247370,True,{'isrc': 'ATN262100702'},{'spotify': 'https://open.spotify.com/track/7bYsgn5BtDVN2MUMYreXY2'},https://api.spotify.com/v1/tracks/7bYsgn5BtDVN2MUMYreXY2,7bYsgn5BtDVN2MUMYreXY2,False,Negative Noise,49,https://p.scdn.co/mp3-preview/adf58d24ec1602935d32140dc3eddedf49c4fda2?cid=527cc027556e4e75bde9716a7a0562a5,1,track,spotify:track:7bYsgn5BtDVN2MUMYreXY2,0,0.384,0.974,1,-3.647,0,0.141,0.000153,0.000247,0.226,0.155,194.842,audio_features,https://api.spotify.com/v1/tracks/7bYsgn5BtDVN2MUMYreXY2,https://api.spotify.com/v1/audio-analysis/7bYsgn5BtDVN2MUMYreXY2,247370,4
You're Welcome,A Day To Remember,"['AD', 'AE', 'AG', 'AL', 'AM', 'AO', 'AR', 'AT', 'AU', 'AZ', 'BA', 'BB', 'BD', 'BE', 'BF', 'BG', 'BH', 'BI', 'BJ', 'BN', 'BO', 'BR', 'BS', 'BT', 'BW', 'BY', 'BZ', 'CA', 'CH', 'CI', 'CL', 'CM', 'CO', 'CR', 'CV', 'CW', 'CY', 'CZ', 'DE', 'DJ', 'DK', 'DM', 'DO', 'DZ', 'EC', 'EE', 'EG', 'ES', 'FI', 'FJ', 'FM', 'FR', 'GA', 'GB', 'GD', 'GE', 'GH', 'GM', 'GN', 'GQ', 'GR', 'GT', 'GW', 'GY', 'HK', 'HN', 'HR', 'HT', 'HU', 'ID', 'IE', 'IL', 'IN', 'IS', 'IT', 'JM', 'JO', 'JP', 'KE', 'KG', 'KH', 'KI', 'KM', 'KN', 'KR', 'KW', 'KZ', 'LA', 'LB', 'LC', 'LI', 'LK', 'LR', 'LS', 'LT', 'LU', 'LV', 'MA', 'MC', 'MD', 'ME', 'MG', 'MH', 'MK', 'ML', 'MN', 'MO', 'MR', 'MT', 'MU', 'MV', 'MW', 'MX', 'MY', 'MZ', 'NA', 'NE', 'NG', 'NI', 'NL', 'NO', 'NP', 'NR', 'NZ', 'OM', 'PA', 'PE', 'PG', 'PH', 'PK', 'PL', 'PS', 'PT', 'PW', 'PY', 'QA', 'RO', 'RS', 'RU', 'RW', 'SA', 'SB', 'SC', 'SE', 'SG', 'SI', 'SK', 'SL', 'SM', 'SN', 'SR', 'ST', 'SV', 'SZ', 'TD', 'TG', 'TH', 'TL', 'TN', 'TO', 'TR', 'TT', 'TV', 'TW', 'TZ', 'UA', 'UG', 'US', 'UY', 'UZ', 'VC', 'VN', 'VU', 'WS', 'XK', 'ZA', 'ZM', 'ZW']",1,185733,True,{'isrc': 'USAT22002737'},{'spotify': 'https://open.spotify.com/track/0o49yIEUZUoCTJ1qRnqFUO'},https://api.spotify.com/v1/tracks/0o49yIEUZUoCTJ1qRnqFUO,0o49yIEUZUoCTJ1qRnqFUO,False,Last Chance To Dance (Bad Friend),66,https://p.scdn.co/mp3-preview/4772a33ecf8d4db2cdefa9a6fedd81e05b7fa62e?cid=527cc027556e4e75bde9716a7a0562a5,4,track,spotify:track:0o49yIEUZUoCTJ1qRnqFUO,0,0.308,0.916,4,-4.13,0,0.0875,2.02e-05,0.0,0.322,0.68,122.231,audio_features,https://api.spotify.com/v1/tracks/0o49yIEUZUoCTJ1qRnqFUO,https://api.spotify.com/v1/audio-analysis/0o49yIEUZUoCTJ1qRnqFUO,185733,4
SLEEPS SOCIETY,While She Sleeps,"['AD', 'AE', 'AG', 'AL', 'AM', 'AO', 'AR', 'AT', 'AU', 'AZ', 'BA', 'BB', 'BD', 'BE', 'BF', 'BG', 'BH', 'BI', 'BJ', 'BN', 'BO', 'BR', 'BS', 'BT', 'BW', 'BY', 'BZ', 'CA', 'CH', 'CI', 'CL', 'CM', 'CO', 'CR', 'CV', 'CW', 'CY', 'CZ', 'DE', 'DJ', 'DK', 'DM', 'DO', 'DZ', 'EC', 'EE', 'EG', 'ES', 'FI', 'FJ', 'FM', 'FR', 'GA', 'GB', 'GD', 'GE', 'GH', 'GM', 'GN', 'GQ', 'GR', 'GT', 'GW', 'GY', 'HK', 'HN', 'HR', 'HT', 'HU', 'ID', 'IE', 'IL', 'IN', 'IS', 'IT', 'JM', 'JO', 'JP', 'KE', 'KG', 'KH', 'KI', 'KM', 'KN', 'KR', 'KW', 'KZ', 'LA', 'LB', 'LC', 'LI', 'LK', 'LR', 'LS', 'LT', 'LU', 'LV', 'MA', 'MC', 'MD', 'ME', 'MG', 'MH', 'MK', 'ML', 'MN', 'MO', 'MR', 'MT', 'MU', 'MV', 'MW', 'MX', 'MY', 'MZ', 'NA', 'NE', 'NG', 'NI', 'NL', 'NO', 'NP', 'NR', 'NZ', 'OM', 'PA', 'PE', 'PG', 'PH', 'PK', 'PL', 'PS', 'PT', 'PW', 'PY', 'QA', 'RO', 'RS', 'RU', 'RW', 'SA', 'SB', 'SC', 'SE', 'SG', 'SI', 'SK', 'SL', 'SM', 'SN', 'SR', 'ST', 'SV', 'SZ', 'TD', 'TG', 'TH', 'TL', 'TN', 'TO', 'TR', 'TT', 'TV', 'TW', 'TZ', 'UA', 'UG', 'US', 'UY', 'UZ', 'VC', 'VN', 'VU', 'WS', 'XK', 'ZA', 'ZM', 'ZW']",1,176695,True,{'isrc': 'GBUM72100179'},{'spotify': 'https://open.spotify.com/track/7LRotHDhVHU9FE7oWhuFTL'},https://api.spotify.com/v1/tracks/7LRotHDhVHU9FE7oWhuFTL,7LRotHDhVHU9FE7oWhuFTL,False,SYSTEMATIC,61,https://p.scdn.co/mp3-preview/6faa635f611fe335e99cfbf10dd08e2f3fb716a4?cid=527cc027556e4e75bde9716a7a0562a5,3,track,spotify:track:7LRotHDhVHU9FE7oWhuFTL,0,0.528,0.961,10,-4.621,0,0.107,0.000149,0.000146,0.102,0.441,130.038,audio_features,https://api.spotify.com/v1/tracks/7LRotHDhVHU9FE7oWhuFTL,https://api.spotify.com/v1/audio-analysis/7LRotHDhVHU9FE7oWhuFTL,176695,4
ERRA,ERRA,"['AD', 'AE', 'AG', 'AL', 'AM', 'AO', 'AR', 'AT', 'AU', 'AZ', 'BA', 'BB', 'BD', 'BE', 'BF', 'BG', 'BH', 'BI', 'BJ', 'BN', 'BO', 'BR', 'BS', 'BT', 'BW', 'BY', 'BZ', 'CA', 'CH', 'CI', 'CL', 'CM', 'CO', 'CR', 'CV', 'CY', 'CZ', 'DE', 'DJ', 'DK', 'DM', 'DO', 'DZ', 'EC', 'EE', 'EG', 'ES', 'FI', 'FJ', 'FM', 'FR', 'GA', 'GB', 'GD', 'GE', 'GH', 'GM', 'GN', 'GQ', 'GR', 'GT', 'GW', 'GY', 'HK', 'HN', 'HR', 'HT', 'HU', 'ID', 'IE', 'IL', 'IN', 'IS', 'IT', 'JM', 'JO', 'JP', 'KE', 'KG', 'KH', 'KI', 'KM', 'KN', 'KR', 'KW', 'KZ', 'LA', 'LB', 'LC', 'LI', 'LK', 'LR', 'LS', 'LT', 'LU', 'LV', 'MA', 'MC', 'MD', 'ME', 'MG', 'MH', 'MK', 'ML', 'MN', 'MO', 'MR', 'MT', 'MU', 'MV', 'MW', 'MX', 'MY', 'MZ', 'NA', 'NE', 'NG', 'NI', 'NL', 'NO', 'NP', 'NR', 'NZ', 'OM', 'PA', 'PE', 'PG', 'PH', 'PK', 'PL', 'PS', 'PT', 'PW', 'PY', 'QA', 'RO', 'RS', 'RU', 'RW', 'SA', 'SB', 'SC', 'SE', 'SG', 'SI', 'SK', 'SL', 'SM', 'SN', 'SR', 'ST', 'SV', 'SZ', 'TD', 'TG', 'TH', 'TL', 'TN', 'TO', 'TR', 'TT', 'TV', 'TW', 'TZ', 'UA', 'UG', 'US', 'UY', 'UZ', 'VC', 'VN', 'VU', 'WS', 'XK', 'ZA', 'ZM', 'ZW']",1,240525,False,{'isrc': 'AUI442000161'},{'spotify': 'https://open.spotify.com/track/2A8WSQPNT9NqssXd3rEZYU'},https://api.spotify.com/v1/tracks/2A8WSQPNT9NqssXd3rEZYU,2A8WSQPNT9NqssXd3rEZYU,False,Gungrave,58,https://p.scdn.co/mp3-preview/26c3ebf82a698a925d50551d0b8874fd25bb8796?cid=527cc027556e4e75bde9716a7a0562a5,2,track,spotify:track:2A8WSQPNT9NqssXd3rEZYU,0,0.481,0.97,6,-2.684,0,0.0695,1.23e-05,0.0102,0.206,0.345,100.013,audio_features,https://api.spotify.com/v1/tracks/2A8WSQPNT9NqssXd3rEZYU,https://api.spotify.com/v1/audio-analysis/2A8WSQPNT9NqssXd3rEZYU,240525,4
Clarity,Attila,"['AD', 'AE', 'AG', 'AL', 'AM', 'AO', 'AR', 'AT', 'AU', 'AZ', 'BA', 'BB', 'BD', 'BE', 'BF', 'BG', 'BH', 'BI', 'BJ', 'BN', 'BO', 'BR', 'BS', 'BT', 'BW', 'BY', 'BZ', 'CA', 'CH', 'CI', 'CL', 'CM', 'CO', 'CR', 'CV', 'CW', 'CY', 'CZ', 'DE', 'DJ', 'DK', 'DM', 'DO', 'DZ', 'EC', 'EE', 'EG', 'ES', 'FI', 'FJ', 'FM', 'FR', 'GA', 'GB', 'GD', 'GE', 'GH', 'GM', 'GN', 'GQ', 'GR', 'GT', 'GW', 'GY', 'HK', 'HN', 'HR', 'HT', 'HU', 'ID', 'IE', 'IL', 'IN', 'IS', 'IT', 'JM', 'JO', 'JP', 'KE', 'KG', 'KH', 'KI', 'KM', 'KN', 'KR', 'KW', 'KZ', 'LA', 'LB', 'LC', 'LI', 'LK', 'LR', 'LS', 'LT', 'LU', 'LV', 'MA', 'MC', 'MD', 'ME', 'MG', 'MH', 'MK', 'ML', 'MN', 'MO', 'MR', 'MT', 'MU', 'MV', 'MW', 'MX', 'MY', 'MZ', 'NA', 'NE', 'NG', 'NI', 'NL', 'NO', 'NP', 'NR', 'NZ', 'OM', 'PA', 'PE', 'PG', 'PH', 'PK', 'PL', 'PS', 'PT', 'PW', 'PY', 'QA', 'RO', 'RS', 'RU', 'RW', 'SA', 'SB', 'SC', 'SE', 'SG', 'SI', 'SK', 'SL', 'SM', 'SN', 'SR', 'ST', 'SV', 'SZ', 'TD', 'TG', 'TH', 'TL', 'TN', 'TO', 'TR', 'TT', 'TV', 'TW', 'TZ', 'UA', 'UG', 'US', 'UY', 'UZ', 'VC', 'VN', 'VU', 'WS', 'XK', 'ZA', 'ZM', 'ZW']",1,211875,True,{'isrc': 'QZGLM2139720'},{'spotify': 'https://open.spotify.com/track/1PtNO9MqlGAisJeFEEPsMX'},https://api.spotify.com/v1/tracks/1PtNO9MqlGAisJeFEEPsMX,1PtNO9MqlGAisJeFEEPsMX,False,Clarity,57,https://p.scdn.co/mp3-preview/e8358373f45f5d1b6bb6e0ecbd1641d8710f7cd1?cid=527cc027556e4e75bde9716a7a0562a5,1,track,spotify:track:1PtNO9MqlGAisJeFEEPsMX,0,0.45,0.993,6,-2.216,1,0.292,3.45e-05,0.0308,0.451,0.217,160.029,audio_features,https://api.spotify.com/v1/tracks/1PtNO9MqlGAisJeFEEPsMX,https://api.spotify.com/v1/audio-analysis/1PtNO9MqlGAisJeFEEPsMX,211875,4
Into The Storm,Gojira,"['AD', 'AE', 'AG', 'AL', 'AM', 'AO', 'AR', 'AT', 'AU', 'AZ', 'BA', 'BB', 'BD', 'BE', 'BF', 'BG', 'BH', 'BI', 'BJ', 'BN', 'BO', 'BR', 'BS', 'BT', 'BW', 'BY', 'BZ', 'CA', 'CH', 'CI', 'CL', 'CM', 'CO', 'CR', 'CV', 'CW', 'CY', 'CZ', 'DE', 'DJ', 'DK', 'DM', 'DO', 'DZ', 'EC', 'EE', 'EG', 'ES', 'FI', 'FJ', 'FM', 'FR', 'GA', 'GB', 'GD', 'GE', 'GH', 'GM', 'GN', 'GQ', 'GR', 'GT', 'GW', 'GY', 'HK', 'HN', 'HR', 'HT', 'HU', 'ID', 'IE', 'IL', 'IN', 'IS', 'IT', 'JM', 'JO', 'JP', 'KE', 'KG', 'KH', 'KI', 'KM', 'KN', 'KR', 'KW', 'KZ', 'LA', 'LB', 'LC', 'LI', 'LK', 'LR', 'LS', 'LT', 'LU', 'LV', 'MA', 'MC', 'MD', 'ME', 'MG', 'MH', 'MK', 'ML', 'MN', 'MO', 'MR', 'MT', 'MU', 'MV', 'MW', 'MX', 'MY', 'MZ', 'NA', 'NE', 'NG', 'NI', 'NL', 'NO', 'NP', 'NR', 'NZ', 'OM', 'PA', 'PE', 'PG', 'PH', 'PK', 'PL', 'PS', 'PT', 'PW', 'PY', 'QA', 'RO', 'RS', 'RU', 'RW', 'SA', 'SB', 'SC', 'SE', 'SG', 'SI', 'SK', 'SL', 'SM', 'SN', 'SR', 'ST', 'SV', 'SZ', 'TD', 'TG', 'TH', 'TL', 'TN', 'TO', 'TR', 'TT', 'TV', 'TW', 'TZ', 'UA', 'UG', 'US', 'UY', 'UZ', 'VC', 'VN', 'VU', 'WS', 'XK', 'ZA', 'ZM', 'ZW']",1,302293,False,{'isrc': 'NLA322000477'},{'spotify': 'https://open.spotify.com/track/0FcbEF2c45mID7o7IJ0qM6'},https://api.spotify.com/v1/tracks/0FcbEF2c45mID7o7IJ0qM6,0FcbEF2c45mID7o7IJ0qM6,False,Into The Storm,62,https://p.scdn.co/mp3-preview/c1f769ef4f277754e88dfe6398655d4f08f16247?cid=527cc027556e4e75bde9716a7a0562a5,1,track,spotify:track:0FcbEF2c45mID7o7IJ0qM6,0,0.245,0.972,2,-6.387,1,0.0739,0.00141,0.68,0.131,0.107,105.939,audio_features,https://api.spotify.com/v1/tracks/0FcbEF2c45mID7o7IJ0qM6,https://api.spotify.com/v1/audio-analysis/0FcbEF2c45mID7o7IJ0qM6,302293,4
Fields of Bone,Black Veil Brides,"['AD', 'AE', 'AG', 'AL', 'AM', 'AO', 'AR', 'AT', 'AU', 'AZ', 'BA', 'BB', 'BD', 'BE', 'BF', 'BG', 'BH', 'BI', 'BJ', 'BN', 'BO', 'BR', 'BS', 'BT', 'BW', 'BY', 'BZ', 'CA', 'CH', 'CI', 'CL', 'CM', 'CO', 'CR', 'CV', 'CW', 'CY', 'CZ', 'DE', 'DJ', 'DK', 'DM', 'DO', 'DZ', 'EC', 'EE', 'EG', 'ES', 'FI', 'FJ', 'FM', 'FR', 'GA', 'GB', 'GD', 'GE', 'GH', 'GM', 'GN', 'GQ', 'GR', 'GT', 'GW', 'GY', 'HK', 'HN', 'HR', 'HT', 'HU', 'ID', 'IE', 'IL', 'IN', 'IS', 'IT', 'JM', 'JO', 'JP', 'KE', 'KG', 'KH', 'KI', 'KM', 'KN', 'KR', 'KW', 'KZ', 'LA', 'LB', 'LC', 'LI', 'LK', 'LR', 'LS', 'LT', 'LU', 'LV', 'MA', 'MC', 'MD', 'ME', 'MG', 'MH', 'MK', 'ML', 'MN', 'MO', 'MR', 'MT', 'MU', 'MV', 'MW', 'MX', 'MY', 'MZ', 'NA', 'NE', 'NG', 'NI', 'NL', 'NO', 'NP', 'NR', 'NZ', 'OM', 'PA', 'PE', 'PG', 'PH', 'PK', 'PL', 'PS', 'PT', 'PW', 'PY', 'QA', 'RO', 'RS', 'RU', 'RW', 'SA', 'SB', 'SC', 'SE', 'SG', 'SI', 'SK', 'SL', 'SM', 'SN', 'SR', 'ST', 'SV', 'SZ', 'TD', 'TG', 'TH', 'TL', 'TN', 'TO', 'TR', 'TT', 'TV', 'TW', 'TZ', 'UA', 'UG', 'US', 'UY', 'UZ', 'VC', 'VN', 'VU', 'WS', 'XK', 'ZA', 'ZM', 'ZW']",1,199787,False,{'isrc': 'USYFZ2148609'},{'spotify': 'https://open.spotify.com/track/4laL1b43eMOm6Jkx4LzBl1'},https://api.spotify.com/v1/tracks/4laL1b43eMOm6Jkx4LzBl1,4laL1b43eMOm6Jkx4LzBl1,False,Fields of Bone,62,https://p.scdn.co/mp3-preview/831d3a2446184e7fa87815e1dca44b5c61b31c5c?cid=527cc027556e4e75bde9716a7a0562a5,1,track,spotify:track:4laL1b43eMOm6Jkx4LzBl1,0,0.252,0.957,1,-2.318,0,0.473,0.00268,0.000451,0.0834,0.192,187.853,audio_features,https://api.spotify.com/v1/tracks/4laL1b43eMOm6Jkx4LzBl1,https://api.spotify.com/v1/audio-analysis/4laL1b43eMOm6Jkx4LzBl1,199788,4
Teardrops,Bring Me The Horizon,"['AD', 'AE', 'AG', 'AL', 'AM', 'AO', 'AR', 'AT', 'AU', 'AZ', 'BA', 'BB', 'BD', 'BE', 'BF', 'BG', 'BH', 'BI', 'BJ', 'BN', 'BO', 'BR', 'BS', 'BT', 'BW', 'BY', 'BZ', 'CA', 'CH', 'CI', 'CL', 'CM', 'CO', 'CR', 'CV', 'CW', 'CY', 'CZ', 'DE', 'DJ', 'DK', 'DM', 'DO', 'DZ', 'EC', 'EE', 'EG', 'ES', 'FI', 'FJ', 'FM', 'FR', 'GA', 'GB', 'GD', 'GE', 'GH', 'GM', 'GN', 'GQ', 'GR', 'GT', 'GW', 'GY', 'HK', 'HN', 'HR', 'HT', 'HU', 'ID', 'IE', 'IL', 'IN', 'IS', 'IT', 'JM', 'JO', 'JP', 'KE', 'KG', 'KH', 'KI', 'KM', 'KN', 'KR', 'KW', 'KZ', 'LA', 'LB', 'LC', 'LI', 'LK', 'LR', 'LS', 'LT', 'LU', 'LV', 'MA', 'MC', 'MD', 'ME', 'MG', 'MH', 'MK', 'ML', 'MN', 'MO', 'MR', 'MT', 'MU', 'MV', 'MW', 'MX', 'MY', 'MZ', 'NA', 'NE', 'NG', 'NI', 'NL', 'NO', 'NP', 'NR', 'NZ', 'OM', 'PA', 'PE', 'PG', 'PH', 'PK', 'PL', 'PS', 'PT', 'PW', 'PY', 'QA', 'RO', 'RS', 'RU', 'RW', 'SA', 'SB', 'SC', 'SG', 'SI', 'SK', 'SL', 'SM', 'SN', 'SR', 'ST', 'SV', 'SZ', 'TD', 'TG', 'TH', 'TL', 'TN', 'TO', 'TR', 'TT', 'TV', 'TW', 'TZ', 'UA', 'UG', 'US', 'UY', 'UZ', 'VC', 'VN', 'VU', 'WS', 'XK', 'ZA', 'ZM', 'ZW']",1,215003,True,{'isrc': 'GBARL2001273'},{'spotify': 'https://open.spotify.com/track/3aniWcwiiYKHpm3F5TdeKD'},https://api.spotify.com/v1/tracks/3aniWcwiiYKHpm3F5TdeKD,3aniWcwiiYKHpm3F5TdeKD,False,Teardrops,68,https://p.scdn.co/mp3-preview/88967afd874c48022e240ebbfdefc7f915ec9261?cid=527cc027556e4e75bde9716a7a0562a5,1,track,spotify:track:3aniWcwiiYKHpm3F5TdeKD,0,0.497,0.916,7,-3.323,1,0.108,0.000323,0.0,0.36,0.401,96.051,audio_features,https://api.spotify.com/v1/tracks/3aniWcwiiYKHpm3F5TdeKD,https://api.spotify.com/v1/audio-analysis/3aniWcwiiYKHpm3F5TdeKD,215004,4
Clockwork,Northlane,"['AD', 'AE', 'AG', 'AL', 'AM', 'AO', 'AR', 'AT', 'AU', 'AZ', 'BA', 'BB', 'BD', 'BE', 'BF', 'BG', 'BH', 'BI', 'BJ', 'BN', 'BO', 'BR', 'BS', 'BT', 'BW', 'BY', 'BZ', 'CA', 'CH', 'CI', 'CL', 'CM', 'CO', 'CR', 'CV', 'CW', 'CY', 'CZ', 'DE', 'DJ', 'DK', 'DM', 'DO', 'DZ', 'EC', 'EE', 'EG', 'ES', 'FI', 'FJ', 'FM', 'FR', 'GA', 'GB', 'GD', 'GE', 'GH', 'GM', 'GN', 'GQ', 'GR', 'GT', 'GW', 'GY', 'HK', 'HN', 'HR', 'HT', 'HU', 'ID', 'IE', 'IL', 'IN', 'IS', 'IT', 'JM', 'JO', 'JP', 'KE', 'KG', 'KH', 'KI', 'KM', 'KN', 'KR', 'KW', 'KZ', 'LA', 'LB', 'LC', 'LI', 'LK', 'LR', 'LS', 'LT', 'LU', 'LV', 'MA', 'MC', 'MD', 'ME', 'MG', 'MH', 'MK', 'ML', 'MN', 'MO', 'MR', 'MT', 'MU', 'MV', 'MW', 'MX', 'MY', 'MZ', 'NA', 'NE', 'NG', 'NI', 'NL', 'NO', 'NP', 'NR', 'NZ', 'OM', 'PA', 'PE', 'PG', 'PH', 'PK', 'PL', 'PS', 'PT', 'PW', 'PY', 'QA', 'RO', 'RS', 'RU', 'RW', 'SA', 'SB', 'SC', 'SE', 'SG', 'SI', 'SK', 'SL', 'SM', 'SN', 'SR', 'ST', 'SV', 'SZ', 'TD', 'TG', 'TH', 'TL', 'TN', 'TO', 'TR', 'TT', 'TV', 'TW', 'TZ', 'UA', 'UG', 'US', 'UY', 'UZ', 'VC', 'VN', 'VU', 'WS', 'XK', 'ZA', 'ZM', 'ZW']",1,238373,False,{'isrc': 'FR2X42128207'},{'spotify': 'https://open.spotify.com/track/2qO9K4TeIDrDc2M4fnGmGs'},https://api.spotify.com/v1/tracks/2qO9K4TeIDrDc2M4fnGmGs,2qO9K4TeIDrDc2M4fnGmGs,False,Clockwork,60,https://p.scdn.co/mp3-preview/e932a5502748dbaa28248fd50a718d3301110c6b?cid=527cc027556e4e75bde9716a7a0562a5,1,track,spotify:track:2qO9K4TeIDrDc2M4fnGmGs,0,0.48,0.97,8,-5.006,0,0.0595,3.72e-05,0.309,0.29,0.346,136.123,audio_features,https://api.spotify.com/v1/tracks/2qO9K4TeIDrDc2M4fnGmGs,https://api.spotify.com/v1/audio-analysis/2qO9K4TeIDrDc2M4fnGmGs,238373,4
For Those That Wish To Exist,"['Architects', 'Mike Kerr']","['AD', 'AE', 'AG', 'AL', 'AM', 'AO', 'AR', 'AT', 'AU', 'AZ', 'BA', 'BB', 'BD', 'BE', 'BF', 'BG', 'BH', 'BI', 'BJ', 'BN', 'BO', 'BR', 'BS', 'BT', 'BW', 'BY', 'BZ', 'CA', 'CH', 'CI', 'CL', 'CM', 'CO', 'CR', 'CV', 'CW', 'CY', 'CZ', 'DE', 'DJ', 'DK', 'DM', 'DO', 'DZ', 'EC', 'EE', 'EG', 'ES', 'FI', 'FJ', 'FM', 'FR', 'GA', 'GB', 'GD', 'GE', 'GH', 'GM', 'GN', 'GQ', 'GR', 'GT', 'GW', 'GY', 'HK', 'HN', 'HR', 'HT', 'HU', 'ID', 'IE', 'IL', 'IN', 'IS', 'IT', 'JM', 'JO', 'JP', 'KE', 'KG', 'KH', 'KI', 'KM', 'KN', 'KR', 'KW', 'KZ', 'LA', 'LB', 'LC', 'LI', 'LK', 'LR', 'LS', 'LT', 'LU', 'LV', 'MA', 'MC', 'MD', 'ME', 'MG', 'MH', 'MK', 'ML', 'MN', 'MO', 'MR', 'MT', 'MU', 'MV', 'MW', 'MX', 'MY', 'MZ', 'NA', 'NE', 'NG', 'NI', 'NL', 'NO', 'NP', 'NR', 'NZ', 'OM', 'PA', 'PE', 'PG', 'PH', 'PK', 'PL', 'PS', 'PT', 'PW', 'PY', 'QA', 'RO', 'RS', 'RU', 'RW', 'SA', 'SB', 'SC', 'SE', 'SG', 'SI', 'SK', 'SL', 'SM', 'SN', 'SR', 'ST', 'SV', 'SZ', 'TD', 'TG', 'TH', 'TL', 'TN', 'TO', 'TR', 'TT', 'TV', 'TW', 'TZ', 'UA', 'UG', 'US', 'UY', 'UZ', 'VC', 'VN', 'VU', 'WS', 'XK', 'ZA', 'ZM', 'ZW']",1,227813,True,{'isrc': 'USEP42058009'},{'spotify': 'https://open.spotify.com/track/56lCHdvOMqChC3FNVq796X'},https://api.spotify.com/v1/tracks/56lCHdvOMqChC3FNVq796X,56lCHdvOMqChC3FNVq796X,False,Little Wonder,63,https://p.scdn.co/mp3-preview/0489954209357814d24f8ba40871557f350d437f?cid=527cc027556e4e75bde9716a7a0562a5,9,track,spotify:track:56lCHdvOMqChC3FNVq796X,0,0.533,0.967,1,-3.762,0,0.102,0.000232,4.59e-05,0.109,0.477,130.052,audio_features,https://api.spotify.com/v1/tracks/56lCHdvOMqChC3FNVq796X,https://api.spotify.com/v1/audio-analysis/56lCHdvOMqChC3FNVq796X,227813,4
Lamb of God (Deluxe Version),Lamb of God,"['AD', 'AE', 'AG', 'AL', 'AM', 'AO', 'AR', 'AT', 'AU', 'AZ', 'BA', 'BB', 'BD', 'BE', 'BF', 'BG', 'BH', 'BI', 'BJ', 'BN', 'BO', 'BR', 'BS', 'BT', 'BW', 'BY', 'BZ', 'CH', 'CI', 'CL', 'CM', 'CO', 'CR', 'CV', 'CW', 'CY', 'CZ', 'DE', 'DJ', 'DK', 'DM', 'DO', 'DZ', 'EC', 'EE', 'EG', 'ES', 'FI', 'FJ', 'FM', 'FR', 'GA', 'GB', 'GD', 'GE', 'GH', 'GM', 'GN', 'GQ', 'GR', 'GT', 'GW', 'GY', 'HK', 'HN', 'HR', 'HT', 'HU', 'ID', 'IE', 'IL', 'IN', 'IS', 'IT', 'JM', 'JO', 'JP', 'KE', 'KG', 'KH', 'KI', 'KM', 'KN', 'KR', 'KW', 'KZ', 'LA', 'LB', 'LC', 'LI', 'LK', 'LR', 'LS', 'LT', 'LU', 'LV', 'MA', 'MC', 'MD', 'ME', 'MG', 'MH', 'MK', 'ML', 'MN', 'MO', 'MR', 'MT', 'MU', 'MV', 'MW', 'MX', 'MY', 'MZ', 'NA', 'NE', 'NG', 'NI', 'NL', 'NO', 'NP', 'NR', 'NZ', 'OM', 'PA', 'PE', 'PG', 'PH', 'PK', 'PL', 'PS', 'PT', 'PW', 'PY', 'QA', 'RO', 'RS', 'RU', 'RW', 'SA', 'SB', 'SC', 'SE', 'SG', 'SI', 'SK', 'SL', 'SM', 'SN', 'SR', 'ST', 'SV', 'SZ', 'TD', 'TG', 'TH', 'TL', 'TN', 'TO', 'TR', 'TT', 'TV', 'TW', 'TZ', 'UA', 'UG', 'UY', 'UZ', 'VC', 'VN', 'VU', 'WS', 'XK', 'ZA', 'ZM', 'ZW']",1,244965,False,{'isrc': 'USSM12000414'},{'spotify': 'https://open.spotify.com/track/5jeMzMyTuC8fLmKHZ3ybFD'},https://api.spotify.com/v1/tracks/5jeMzMyTuC8fLmKHZ3ybFD,5jeMzMyTuC8fLmKHZ3ybFD,False,Hyperthermic / Accelerate,49,https://p.scdn.co/mp3-preview/a685c360e661024327e537bf2c2dbbfc92aa81ec?cid=527cc027556e4e75bde9716a7a0562a5,12,track,spotify:track:5jeMzMyTuC8fLmKHZ3ybFD,0,0.267,0.996,2,-3.385,1,0.0819,1.24e-05,0.386,0.0503,0.0648,104.916,audio_features,https://api.spotify.com/v1/tracks/5jeMzMyTuC8fLmKHZ3ybFD,https://api.spotify.com/v1/audio-analysis/5jeMzMyTuC8fLmKHZ3ybFD,244965,3
The Lunar Injection Kool Aid Eclipse Conspiracy,Rob Zombie,"['AD', 'AE', 'AG', 'AL', 'AM', 'AO', 'AR', 'AT', 'AU', 'AZ', 'BA', 'BB', 'BD', 'BE', 'BF', 'BG', 'BH', 'BI', 'BJ', 'BN', 'BO', 'BR', 'BS', 'BT', 'BW', 'BY', 'BZ', 'CA', 'CH', 'CI', 'CL', 'CM', 'CO', 'CR', 'CV', 'CW', 'CY', 'CZ', 'DE', 'DJ', 'DK', 'DM', 'DO', 'DZ', 'EC', 'EE', 'EG', 'ES', 'FI', 'FJ', 'FM', 'FR', 'GA', 'GB', 'GD', 'GE', 'GH', 'GM', 'GN', 'GQ', 'GR', 'GT', 'GW', 'GY', 'HK', 'HN', 'HR', 'HT', 'HU', 'ID', 'IE', 'IL', 'IN', 'IS', 'IT', 'JM', 'JO', 'JP', 'KE', 'KG', 'KH', 'KI', 'KM', 'KN', 'KR', 'KW', 'KZ', 'LA', 'LB', 'LC', 'LI', 'LK', 'LR', 'LS', 'LT', 'LU', 'LV', 'MA', 'MC', 'MD', 'ME', 'MG', 'MH', 'MK', 'ML', 'MN', 'MO', 'MR', 'MT', 'MU', 'MV', 'MW', 'MX', 'MY', 'MZ', 'NA', 'NE', 'NG', 'NI', 'NL', 'NO', 'NP', 'NR', 'NZ', 'OM', 'PA', 'PE', 'PG', 'PH', 'PK', 'PL', 'PS', 'PT', 'PW', 'PY', 'QA', 'RO', 'RS', 'RU', 'RW', 'SA', 'SB', 'SC', 'SE', 'SG', 'SI', 'SK', 'SL', 'SM', 'SN', 'SR', 'ST', 'SV', 'SZ', 'TD', 'TG', 'TH', 'TL', 'TN', 'TO', 'TR', 'TT', 'TV', 'TW', 'TZ', 'UA', 'UG', 'US', 'UY', 'UZ', 'VC', 'VN', 'VU', 'WS', 'XK', 'ZA', 'ZM', 'ZW']",1,300013,False,{'isrc': 'DED832000729'},{'spotify': 'https://open.spotify.com/track/3LK0cE6zURQCFoiAzQiaUy'},https://api.spotify.com/v1/tracks/3LK0cE6zURQCFoiAzQiaUy,3LK0cE6zURQCFoiAzQiaUy,False,Crow Killer Blues,58,https://p.scdn.co/mp3-preview/fa7ea31d427194d47c751c04d473f65212f5fac9?cid=527cc027556e4e75bde9716a7a0562a5,17,track,spotify:track:3LK0cE6zURQCFoiAzQiaUy,0,0.2,0.869,9,-7.049,0,0.0886,0.00322,0.174,0.134,0.179,86.479,audio_features,https://api.spotify.com/v1/tracks/3LK0cE6zURQCFoiAzQiaUy,https://api.spotify.com/v1/audio-analysis/3LK0cE6zURQCFoiAzQiaUy,300013,4
Omega,Epica,"['AD', 'AE', 'AG', 'AL', 'AM', 'AO', 'AR', 'AT', 'AU', 'AZ', 'BA', 'BB', 'BD', 'BE', 'BF', 'BG', 'BH', 'BI', 'BJ', 'BN', 'BO', 'BR', 'BS', 'BT', 'BW', 'BY', 'BZ', 'CA', 'CH', 'CI', 'CL', 'CM', 'CO', 'CR', 'CV', 'CW', 'CY', 'CZ', 'DE', 'DJ', 'DK', 'DM', 'DO', 'DZ', 'EC', 'EE', 'EG', 'ES', 'FI', 'FJ', 'FM', 'FR', 'GA', 'GB', 'GD', 'GE', 'GH', 'GM', 'GN', 'GQ', 'GR', 'GT', 'GW', 'GY', 'HK', 'HN', 'HR', 'HT', 'HU', 'ID', 'IE', 'IL', 'IN', 'IS', 'IT', 'JM', 'JO', 'JP', 'KE', 'KG', 'KH', 'KI', 'KM', 'KN', 'KR', 'KW', 'KZ', 'LA', 'LB', 'LC', 'LI', 'LK', 'LR', 'LS', 'LT', 'LU', 'LV', 'MA', 'MC', 'MD', 'ME', 'MG', 'MH', 'MK', 'ML', 'MN', 'MO', 'MR', 'MT', 'MU', 'MV', 'MW', 'MX', 'MY', 'MZ', 'NA', 'NE', 'NG', 'NI', 'NL', 'NO', 'NP', 'NR', 'NZ', 'OM', 'PA', 'PE', 'PG', 'PH', 'PK', 'PL', 'PS', 'PT', 'PW', 'PY', 'QA', 'RO', 'RS', 'RU', 'RW', 'SA', 'SB', 'SC', 'SE', 'SG', 'SI', 'SK', 'SL', 'SM', 'SN', 'SR', 'ST', 'SV', 'SZ', 'TD', 'TG', 'TH', 'TL', 'TN', 'TO', 'TR', 'TT', 'TV', 'TW', 'TZ', 'UA', 'UG', 'US', 'UY', 'UZ', 'VC', 'VN', 'VU', 'WS', 'XK', 'ZA', 'ZM', 'ZW']",1,306346,False,{'isrc': 'DED832000517'},{'spotify': 'https://open.spotify.com/track/6IVKiq8Xxhvg03MUtu5smv'},https://api.spotify.com/v1/tracks/6IVKiq8Xxhvg03MUtu5smv,6IVKiq8Xxhvg03MUtu5smv,False,The Skeleton Key,58,https://p.scdn.co/mp3-preview/6b2fd726b74840a593ba104993e6e65cee03e539?cid=527cc027556e4e75bde9716a7a0562a5,3,track,spotify:track:6IVKiq8Xxhvg03MUtu5smv,0,0.486,0.75,0,-8.237,0,0.0544,0.0141,0.00139,0.104,0.229,141.966,audio_features,https://api.spotify.com/v1/tracks/6IVKiq8Xxhvg03MUtu5smv,https://api.spotify.com/v1/audio-analysis/6IVKiq8Xxhvg03MUtu5smv,306347,4
Poor Millionaire,"['August Burns Red', 'Ryan Kirby']","['AD', 'AE', 'AG', 'AL', 'AM', 'AO', 'AR', 'AT', 'AU', 'AZ', 'BA', 'BB', 'BD', 'BE', 'BF', 'BG', 'BH', 'BI', 'BJ', 'BN', 'BO', 'BR', 'BS', 'BT', 'BW', 'BY', 'BZ', 'CA', 'CH', 'CI', 'CL', 'CM', 'CO', 'CR', 'CV', 'CW', 'CY', 'CZ', 'DE', 'DJ', 'DK', 'DM', 'DO', 'DZ', 'EC', 'EE', 'EG', 'ES', 'FI', 'FJ', 'FM', 'FR', 'GA', 'GB', 'GD', 'GE', 'GH', 'GM', 'GN', 'GQ', 'GR', 'GT', 'GW', 'GY', 'HK', 'HN', 'HR', 'HT', 'HU', 'ID', 'IE', 'IL', 'IN', 'IS', 'IT', 'JM', 'JO', 'JP', 'KE', 'KG', 'KH', 'KI', 'KM', 'KN', 'KR', 'KW', 'KZ', 'LA', 'LB', 'LC', 'LI', 'LK', 'LR', 'LS', 'LT', 'LU', 'LV', 'MA', 'MC', 'MD', 'ME', 'MG', 'MH', 'MK', 'ML', 'MN', 'MO', 'MR', 'MT', 'MU', 'MV', 'MW', 'MX', 'MY', 'MZ', 'NA', 'NE', 'NG', 'NI', 'NL', 'NO', 'NP', 'NR', 'NZ', 'OM', 'PA', 'PE', 'PG', 'PH', 'PK', 'PL', 'PS', 'PT', 'PW', 'PY', 'QA', 'RO', 'RS', 'RU', 'RW', 'SA', 'SB', 'SC', 'SE', 'SG', 'SI', 'SK', 'SL', 'SM', 'SN', 'SR', 'ST', 'SV', 'SZ', 'TD', 'TG', 'TH', 'TL', 'TN', 'TO', 'TR', 'TT', 'TV', 'TW', 'TZ', 'UA', 'UG', 'US', 'UY', 'UZ', 'VC', 'VN', 'VU', 'WS', 'XK', 'ZA', 'ZM', 'ZW']",1,290492,False,{'isrc': 'QZDA82151515'},{'spotify': 'https://open.spotify.com/track/51s4b7suWjx4iR7jlYoiki'},https://api.spotify.com/v1/tracks/51s4b7suWjx4iR7jlYoiki,51s4b7suWjx4iR7jlYoiki,False,Poor Millionaire,54,https://p.scdn.co/mp3-preview/50a105938f9eba62e351f5bde27d628bfae7cb04?cid=527cc027556e4e75bde9716a7a0562a5,1,track,spotify:track:51s4b7suWjx4iR7jlYoiki,0,0.243,0.995,2,-3.57,1,0.257,4.07e-05,0.00431,0.0601,0.0685,145.59,audio_features,https://api.spotify.com/v1/tracks/51s4b7suWjx4iR7jlYoiki,https://api.spotify.com/v1/audio-analysis/51s4b7suWjx4iR7jlYoiki,290493,4
The Purge,Within Temptation,"['AD', 'AE', 'AG', 'AL', 'AM', 'AO', 'AR', 'AT', 'AU', 'AZ', 'BA', 'BB', 'BD', 'BE', 'BF', 'BG', 'BH', 'BI', 'BJ', 'BN', 'BO', 'BR', 'BS', 'BT', 'BW', 'BY', 'BZ', 'CA', 'CH', 'CI', 'CL', 'CM', 'CO', 'CR', 'CV', 'CW', 'CY', 'CZ', 'DE', 'DJ', 'DK', 'DM', 'DO', 'DZ', 'EC', 'EE', 'EG', 'ES', 'FI', 'FJ', 'FM', 'FR', 'GA', 'GB', 'GD', 'GE', 'GH', 'GM', 'GN', 'GQ', 'GR', 'GT', 'GW', 'GY', 'HK', 'HN', 'HR', 'HT', 'HU', 'ID', 'IE', 'IL', 'IN', 'IS', 'IT', 'JM', 'JO', 'JP', 'KE', 'KG', 'KH', 'KI', 'KM', 'KN', 'KR', 'KW', 'KZ', 'LA', 'LB', 'LC', 'LI', 'LK', 'LR', 'LS', 'LT', 'LU', 'LV', 'MA', 'MC', 'MD', 'ME', 'MG', 'MH', 'MK', 'ML', 'MN', 'MO', 'MR', 'MT', 'MU', 'MV', 'MW', 'MX', 'MY', 'MZ', 'NA', 'NE', 'NG', 'NI', 'NL', 'NO', 'NP', 'NR', 'NZ', 'OM', 'PA', 'PE', 'PG', 'PH', 'PK', 'PL', 'PS', 'PT', 'PW', 'PY', 'QA', 'RO', 'RS', 'RU', 'RW', 'SA', 'SB', 'SC', 'SE', 'SG', 'SI', 'SK', 'SL', 'SM', 'SN', 'SR', 'ST', 'SV', 'SZ', 'TD', 'TG', 'TH', 'TL', 'TN', 'TO', 'TR', 'TT', 'TV', 'TW', 'TZ', 'UA', 'UG', 'US', 'UY', 'UZ', 'VC', 'VN', 'VU', 'WS', 'XK', 'ZA', 'ZM', 'ZW']",1,256466,False,{'isrc': 'NLR262000006'},{'spotify': 'https://open.spotify.com/track/6pR3NxgHtficTizsYVRRmX'},https://api.spotify.com/v1/tracks/6pR3NxgHtficTizsYVRRmX,6pR3NxgHtficTizsYVRRmX,False,The Purge,59,https://p.scdn.co/mp3-preview/6e2d00c4fe8daa00d3a09a72ce1200c98be259dc?cid=527cc027556e4e75bde9716a7a0562a5,1,track,spotify:track:6pR3NxgHtficTizsYVRRmX,0,0.477,0.905,5,-3.892,0,0.0689,7.12e-05,0.000517,0.0959,0.493,93.998,audio_features,https://api.spotify.com/v1/tracks/6pR3NxgHtficTizsYVRRmX,https://api.spotify.com/v1/audio-analysis/6pR3NxgHtficTizsYVRRmX,256467,4
Aurora,Annisokay,"['AD', 'AE', 'AG', 'AL', 'AM', 'AO', 'AR', 'AT', 'AU', 'AZ', 'BA', 'BB', 'BD', 'BE', 'BF', 'BG', 'BH', 'BI', 'BJ', 'BN', 'BO', 'BR', 'BS', 'BT', 'BW', 'BY', 'BZ', 'CA', 'CH', 'CI', 'CL', 'CM', 'CO', 'CR', 'CV', 'CW', 'CY', 'CZ', 'DE', 'DJ', 'DK', 'DM', 'DO', 'DZ', 'EC', 'EE', 'EG', 'ES', 'FI', 'FJ', 'FM', 'FR', 'GA', 'GB', 'GD', 'GE', 'GH', 'GM', 'GN', 'GQ', 'GR', 'GT', 'GW', 'GY', 'HK', 'HN', 'HR', 'HT', 'HU', 'ID', 'IE', 'IL', 'IN', 'IS', 'IT', 'JM', 'JO', 'JP', 'KE', 'KG', 'KH', 'KI', 'KM', 'KN', 'KR', 'KW', 'KZ', 'LA', 'LB', 'LC', 'LI', 'LK', 'LR', 'LS', 'LT', 'LU', 'LV', 'MA', 'MC', 'MD', 'ME', 'MG', 'MH', 'MK', 'ML', 'MN', 'MO', 'MR', 'MT', 'MU', 'MV', 'MW', 'MX', 'MY', 'MZ', 'NA', 'NE', 'NG', 'NI', 'NL', 'NO', 'NP', 'NR', 'NZ', 'OM', 'PA', 'PE', 'PG', 'PH', 'PK', 'PL', 'PS', 'PT', 'PW', 'PY', 'QA', 'RO', 'RS', 'RU', 'RW', 'SA', 'SB', 'SC', 'SE', 'SG', 'SI', 'SK', 'SL', 'SM', 'SN', 'SR', 'ST', 'SV', 'SZ', 'TD', 'TG', 'TH', 'TL', 'TN', 'TO', 'TR', 'TT', 'TV', 'TW', 'TZ', 'UA', 'UG', 'US', 'UY', 'UZ', 'VC', 'VN', 'VU', 'WS', 'XK', 'ZA', 'ZM', 'ZW']",1,252269,False,{'isrc': 'DEYO62000060'},{'spotify': 'https://open.spotify.com/track/6koYE3878OQT34mPMuGZ4X'},https://api.spotify.com/v1/tracks/6koYE3878OQT34mPMuGZ4X,6koYE3878OQT34mPMuGZ4X,False,Under Your Tattoos,52,https://p.scdn.co/mp3-preview/20e08844d0b0ed799fe41fef86bb39bd85f8ee5a?cid=527cc027556e4e75bde9716a7a0562a5,8,track,spotify:track:6koYE3878OQT34mPMuGZ4X,0,0.469,0.961,7,-7.301,0,0.168,0.000834,0.000155,0.105,0.157,128.0,audio_features,https://api.spotify.com/v1/tracks/6koYE3878OQT34mPMuGZ4X,https://api.spotify.com/v1/audio-analysis/6koYE3878OQT34mPMuGZ4X,252270,4
Bloom,Of Mice & Men,"['AD', 'AE', 'AG', 'AL', 'AM', 'AO', 'AR', 'AT', 'AU', 'AZ', 'BA', 'BB', 'BD', 'BE', 'BF', 'BG', 'BH', 'BI', 'BJ', 'BN', 'BO', 'BR', 'BS', 'BT', 'BW', 'BY', 'BZ', 'CA', 'CH', 'CI', 'CL', 'CM', 'CO', 'CR', 'CV', 'CW', 'CY', 'CZ', 'DE', 'DJ', 'DK', 'DM', 'DO', 'DZ', 'EC', 'EE', 'EG', 'ES', 'FI', 'FJ', 'FM', 'FR', 'GA', 'GB', 'GD', 'GE', 'GH', 'GM', 'GN', 'GQ', 'GR', 'GT', 'GW', 'GY', 'HK', 'HN', 'HR', 'HT', 'HU', 'ID', 'IE', 'IL', 'IN', 'IS', 'IT', 'JM', 'JO', 'JP', 'KE', 'KG', 'KH', 'KI', 'KM', 'KN', 'KR', 'KW', 'KZ', 'LA', 'LB', 'LC', 'LI', 'LK', 'LR', 'LS', 'LT', 'LU', 'LV', 'MA', 'MC', 'MD', 'ME', 'MG', 'MH', 'MK', 'ML', 'MN', 'MO', 'MR', 'MT', 'MU', 'MV', 'MW', 'MX', 'MY', 'MZ', 'NA', 'NE', 'NG', 'NI', 'NL', 'NO', 'NP', 'NR', 'NZ', 'OM', 'PA', 'PE', 'PG', 'PH', 'PK', 'PL', 'PS', 'PT', 'PW', 'PY', 'QA', 'RO', 'RS', 'RU', 'RW', 'SA', 'SB', 'SC', 'SE', 'SG', 'SI', 'SK', 'SL', 'SM', 'SN', 'SR', 'ST', 'SV', 'SZ', 'TD', 'TG', 'TH', 'TL', 'TN', 'TO', 'TR', 'TT', 'TV', 'TW', 'TZ', 'UA', 'UG', 'US', 'UY', 'UZ', 'VC', 'VN', 'VU', 'WS', 'XK', 'ZA', 'ZM', 'ZW']",1,257624,True,{'isrc': 'DED832100148'},{'spotify': 'https://open.spotify.com/track/7Fo3AzYlGoQgV8FiwCB9FM'},https://api.spotify.com/v1/tracks/7Fo3AzYlGoQgV8FiwCB9FM,7Fo3AzYlGoQgV8FiwCB9FM,False,Bloom,60,https://p.scdn.co/mp3-preview/d8bdc0d3db559333276902846f07e87dd7f47e4b?cid=527cc027556e4e75bde9716a7a0562a5,1,track,spotify:track:7Fo3AzYlGoQgV8FiwCB9FM,0,0.259,0.964,2,-5.683,1,0.12,5.05e-05,0.000384,0.455,0.0996,124.994,audio_features,https://api.spotify.com/v1/tracks/7Fo3AzYlGoQgV8FiwCB9FM,https://api.spotify.com/v1/audio-analysis/7Fo3AzYlGoQgV8FiwCB9FM,257625,4
Cut & Run,Fight The Fade,"['AD', 'AE', 'AG', 'AL', 'AM', 'AO', 'AR', 'AT', 'AU', 'AZ', 'BA', 'BB', 'BD', 'BE', 'BF', 'BG', 'BH', 'BI', 'BJ', 'BN', 'BO', 'BR', 'BS', 'BT', 'BW', 'BY', 'BZ', 'CA', 'CH', 'CI', 'CL', 'CM', 'CO', 'CR', 'CV', 'CW', 'CY', 'CZ', 'DE', 'DJ', 'DK', 'DM', 'DO', 'DZ', 'EC', 'EE', 'EG', 'ES', 'FI', 'FJ', 'FM', 'FR', 'GA', 'GB', 'GD', 'GE', 'GH', 'GM', 'GN', 'GQ', 'GR', 'GT', 'GW', 'GY', 'HK', 'HN', 'HR', 'HT', 'HU', 'ID', 'IE', 'IL', 'IN', 'IS', 'IT', 'JM', 'JO', 'JP', 'KE', 'KG', 'KH', 'KI', 'KM', 'KN', 'KR', 'KW', 'KZ', 'LA', 'LB', 'LC', 'LI', 'LK', 'LR', 'LS', 'LT', 'LU', 'LV', 'MA', 'MC', 'MD', 'ME', 'MG', 'MH', 'MK', 'ML', 'MN', 'MO', 'MR', 'MT', 'MU', 'MV', 'MW', 'MX', 'MY', 'MZ', 'NA', 'NE', 'NG', 'NI', 'NL', 'NO', 'NP', 'NR', 'NZ', 'OM', 'PA', 'PE', 'PG', 'PH', 'PK', 'PL', 'PS', 'PT', 'PW', 'PY', 'QA', 'RO', 'RS', 'RU', 'RW', 'SA', 'SB', 'SC', 'SE', 'SG', 'SI', 'SK', 'SL', 'SM', 'SN', 'SR', 'ST', 'SV', 'SZ', 'TD', 'TG', 'TH', 'TL', 'TN', 'TO', 'TR', 'TT', 'TV', 'TW', 'TZ', 'UA', 'UG', 'US', 'UY', 'UZ', 'VC', 'VN', 'VU', 'WS', 'XK', 'ZA', 'ZM', 'ZW']",1,194909,False,{'isrc': 'QM5LC2100001'},{'spotify': 'https://open.spotify.com/track/6fjPHoPWFbuIFMJN7DZxTT'},https://api.spotify.com/v1/tracks/6fjPHoPWFbuIFMJN7DZxTT,6fjPHoPWFbuIFMJN7DZxTT,False,Cut & Run,53,https://p.scdn.co/mp3-preview/28c1ddb317eb0cf2bd7bf05725f9bbf50471d447?cid=527cc027556e4e75bde9716a7a0562a5,1,track,spotify:track:6fjPHoPWFbuIFMJN7DZxTT,0,0.354,0.877,9,-3.782,0,0.0902,0.0019,0.0,0.541,0.29,164.967,audio_features,https://api.spotify.com/v1/tracks/6fjPHoPWFbuIFMJN7DZxTT,https://api.spotify.com/v1/audio-analysis/6fjPHoPWFbuIFMJN7DZxTT,194909,4
Timeless,Of Mice & Men,"['AD', 'AE', 'AG', 'AL', 'AM', 'AO', 'AR', 'AT', 'AU', 'AZ', 'BA', 'BB', 'BD', 'BE', 'BF', 'BG', 'BH', 'BI', 'BJ', 'BN', 'BO', 'BR', 'BS', 'BT', 'BW', 'BY', 'BZ', 'CA', 'CH', 'CI', 'CL', 'CM', 'CO', 'CR', 'CV', 'CW', 'CY', 'CZ', 'DE', 'DJ', 'DK', 'DM', 'DO', 'DZ', 'EC', 'EE', 'EG', 'ES', 'FI', 'FJ', 'FM', 'FR', 'GA', 'GB', 'GD', 'GE', 'GH', 'GM', 'GN', 'GQ', 'GR', 'GT', 'GW', 'GY', 'HK', 'HN', 'HR', 'HT', 'HU', 'ID', 'IE', 'IL', 'IN', 'IS', 'IT', 'JM', 'JO', 'JP', 'KE', 'KG', 'KH', 'KI', 'KM', 'KN', 'KR', 'KW', 'KZ', 'LA', 'LB', 'LC', 'LI', 'LK', 'LR', 'LS', 'LT', 'LU', 'LV', 'MA', 'MC', 'MD', 'ME', 'MG', 'MH', 'MK', 'ML', 'MN', 'MO', 'MR', 'MT', 'MU', 'MV', 'MW', 'MX', 'MY', 'MZ', 'NA', 'NE', 'NG', 'NI', 'NL', 'NO', 'NP', 'NR', 'NZ', 'OM', 'PA', 'PE', 'PG', 'PH', 'PK', 'PL', 'PS', 'PT', 'PW', 'PY', 'QA', 'RO', 'RS', 'RU', 'RW', 'SA', 'SB', 'SC', 'SE', 'SG', 'SI', 'SK', 'SL', 'SM', 'SN', 'SR', 'ST', 'SV', 'SZ', 'TD', 'TG', 'TH', 'TL', 'TN', 'TO', 'TR', 'TT', 'TV', 'TW', 'TZ', 'UA', 'UG', 'US', 'UY', 'UZ', 'VC', 'VN', 'VU', 'WS', 'XK', 'ZA', 'ZM', 'ZW']",1,238750,False,{'isrc': 'DED832000873'},{'spotify': 'https://open.spotify.com/track/0M3keKfmYR90ThAguDsGPC'},https://api.spotify.com/v1/tracks/0M3keKfmYR90ThAguDsGPC,0M3keKfmYR90ThAguDsGPC,False,Anchor,59,https://p.scdn.co/mp3-preview/8a6702fe2dd7608946457f09648b7dfc8e6b9194?cid=527cc027556e4e75bde9716a7a0562a5,3,track,spotify:track:0M3keKfmYR90ThAguDsGPC,0,0.452,0.873,2,-8.308,0,0.0723,0.00095,0.362,0.0672,0.226,107.426,audio_features,https://api.spotify.com/v1/tracks/0M3keKfmYR90ThAguDsGPC,https://api.spotify.com/v1/audio-analysis/0M3keKfmYR90ThAguDsGPC,238750,4
The Hunter,"['Love and Death', 'Keith Wallen']","['AD', 'AE', 'AG', 'AL', 'AM', 'AO', 'AR', 'AU', 'AZ', 'BA', 'BB', 'BD', 'BF', 'BH', 'BI', 'BJ', 'BN', 'BO', 'BR', 'BS', 'BT', 'BW', 'BZ', 'CA', 'CI', 'CL', 'CM', 'CO', 'CR', 'CV', 'DJ', 'DM', 'DO', 'DZ', 'EC', 'EG', 'FJ', 'FM', 'GA', 'GD', 'GE', 'GH', 'GM', 'GN', 'GQ', 'GT', 'GW', 'GY', 'HK', 'HN', 'HT', 'ID', 'IL', 'IN', 'JM', 'JO', 'KE', 'KG', 'KH', 'KI', 'KM', 'KN', 'KR', 'KW', 'KZ', 'LA', 'LB', 'LC', 'LI', 'LK', 'LR', 'LS', 'MA', 'MC', 'ME', 'MG', 'MH', 'ML', 'MN', 'MO', 'MR', 'MU', 'MV', 'MW', 'MX', 'MY', 'MZ', 'NA', 'NE', 'NG', 'NI', 'NP', 'NR', 'NZ', 'OM', 'PA', 'PE', 'PG', 'PH', 'PK', 'PS', 'PW', 'PY', 'QA', 'RS', 'RU', 'RW', 'SA', 'SB', 'SC', 'SG', 'SL', 'SM', 'SN', 'SR', 'ST', 'SV', 'SZ', 'TD', 'TG', 'TH', 'TL', 'TN', 'TO', 'TT', 'TV', 'TW', 'TZ', 'UG', 'US', 'UY', 'UZ', 'VC', 'VN', 'VU', 'WS', 'XK', 'ZA', 'ZM', 'ZW']",1,217786,False,{'isrc': 'QMGR32211572'},{'spotify': 'https://open.spotify.com/track/0X9Hyaa0VSwofHfdG1Z4yD'},https://api.spotify.com/v1/tracks/0X9Hyaa0VSwofHfdG1Z4yD,0X9Hyaa0VSwofHfdG1Z4yD,False,The Hunter,42,https://p.scdn.co/mp3-preview/a07e1a0cb54ade5bb0ed2c41ac02d4b02c924371?cid=527cc027556e4e75bde9716a7a0562a5,1,track,spotify:track:0X9Hyaa0VSwofHfdG1Z4yD,0,0.275,0.803,4,-5.78,1,0.0687,0.000155,0.000357,0.0566,0.437,79.43,audio_features,https://api.spotify.com/v1/tracks/0X9Hyaa0VSwofHfdG1Z4yD,https://api.spotify.com/v1/audio-analysis/0X9Hyaa0VSwofHfdG1Z4yD,217787,4
NIRATIAS,Chevelle,"['AD', 'AE', 'AG', 'AL', 'AM', 'AO', 'AR', 'AT', 'AU', 'AZ', 'BA', 'BB', 'BD', 'BE', 'BF', 'BG', 'BH', 'BI', 'BJ', 'BN', 'BO', 'BR', 'BS', 'BT', 'BW', 'BY', 'BZ', 'CA', 'CH', 'CI', 'CL', 'CM', 'CO', 'CR', 'CV', 'CW', 'CY', 'CZ', 'DE', 'DJ', 'DK', 'DM', 'DO', 'DZ', 'EC', 'EE', 'EG', 'ES', 'FI', 'FJ', 'FM', 'FR', 'GA', 'GB', 'GD', 'GE', 'GH', 'GM', 'GN', 'GQ', 'GR', 'GT', 'GW', 'GY', 'HK', 'HN', 'HR', 'HT', 'HU', 'ID', 'IE', 'IL', 'IN', 'IS', 'IT', 'JM', 'JO', 'JP', 'KE', 'KG', 'KH', 'KI', 'KM', 'KN', 'KR', 'KW', 'KZ', 'LA', 'LB', 'LC', 'LI', 'LK', 'LR', 'LS', 'LT', 'LU', 'LV', 'MA', 'MC', 'MD', 'ME', 'MG', 'MH', 'MK', 'ML', 'MN', 'MO', 'MR', 'MT', 'MU', 'MV', 'MW', 'MX', 'MY', 'MZ', 'NA', 'NE', 'NG', 'NI', 'NL', 'NO', 'NP', 'NR', 'NZ', 'OM', 'PA', 'PE', 'PG', 'PH', 'PK', 'PL', 'PS', 'PT', 'PW', 'PY', 'QA', 'RO', 'RS', 'RU', 'RW', 'SA', 'SB', 'SC', 'SE', 'SG', 'SI', 'SK', 'SL', 'SM', 'SN', 'SR', 'ST', 'SV', 'SZ', 'TD', 'TG', 'TH', 'TL', 'TN', 'TO', 'TR', 'TT', 'TV', 'TW', 'TZ', 'UA', 'UG', 'US', 'UY', 'UZ', 'VC', 'VN', 'VU', 'WS', 'XK', 'ZA', 'ZM', 'ZW']",1,251440,False,{'isrc': 'USSM12004795'},{'spotify': 'https://open.spotify.com/track/1winmqK6HKElJ7q01kxDwj'},https://api.spotify.com/v1/tracks/1winmqK6HKElJ7q01kxDwj,1winmqK6HKElJ7q01kxDwj,False,Mars Simula,57,https://p.scdn.co/mp3-preview/7295087f2d5b57a78c2d02b5f48a5e8ee69a427b?cid=527cc027556e4e75bde9716a7a0562a5,3,track,spotify:track:1winmqK6HKElJ7q01kxDwj,0,0.388,0.98,0,-5.984,0,0.149,2.28e-05,0.825,0.926,0.166,196.004,audio_features,https://api.spotify.com/v1/tracks/1winmqK6HKElJ7q01kxDwj,https://api.spotify.com/v1/audio-analysis/1winmqK6HKElJ7q01kxDwj,251440,4
Disruptor,Fear Factory,"['AD', 'AE', 'AL', 'AM', 'AO', 'AR', 'AT', 'AU', 'AZ', 'BA', 'BD', 'BE', 'BF', 'BG', 'BH', 'BI', 'BJ', 'BN', 'BO', 'BR', 'BT', 'BW', 'BY', 'CH', 'CI', 'CL', 'CM', 'CO', 'CV', 'CW', 'CY', 'CZ', 'DE', 'DJ', 'DK', 'DZ', 'EC', 'EE', 'EG', 'ES', 'FI', 'FJ', 'FM', 'FR', 'GA', 'GB', 'GE', 'GH', 'GM', 'GN', 'GQ', 'GR', 'GW', 'GY', 'HK', 'HR', 'HU', 'ID', 'IE', 'IL', 'IN', 'IS', 'IT', 'JO', 'JP', 'KE', 'KG', 'KH', 'KI', 'KM', 'KR', 'KW', 'KZ', 'LA', 'LB', 'LI', 'LK', 'LR', 'LS', 'LT', 'LU', 'LV', 'MA', 'MC', 'MD', 'ME', 'MG', 'MH', 'MK', 'ML', 'MN', 'MO', 'MR', 'MT', 'MU', 'MV', 'MW', 'MY', 'MZ', 'NA', 'NE', 'NG', 'NL', 'NO', 'NP', 'NR', 'NZ', 'OM', 'PE', 'PG', 'PH', 'PK', 'PL', 'PS', 'PT', 'PW', 'PY', 'QA', 'RO', 'RS', 'RU', 'RW', 'SA', 'SB', 'SC', 'SE', 'SG', 'SI', 'SK', 'SL', 'SM', 'SN', 'SR', 'ST', 'SZ', 'TD', 'TG', 'TH', 'TL', 'TN', 'TO', 'TR', 'TT', 'TV', 'TW', 'TZ', 'UA', 'UG', 'UY', 'UZ', 'VC', 'VN', 'VU', 'WS', 'XK', 'ZA', 'ZM', 'ZW']",1,225133,True,{'isrc': 'DED831701642'},{'spotify': 'https://open.spotify.com/track/3NGhrDLVlVVB3fQuz447ZB'},https://api.spotify.com/v1/tracks/3NGhrDLVlVVB3fQuz447ZB,3NGhrDLVlVVB3fQuz447ZB,False,Disruptor,50,https://p.scdn.co/mp3-preview/eea38a5a5102e54b2d7f2752dbc0d29ba71b5be7?cid=527cc027556e4e75bde9716a7a0562a5,1,track,spotify:track:3NGhrDLVlVVB3fQuz447ZB,0,0.547,0.969,2,-4.774,1,0.0914,1.87e-05,1.25e-05,0.385,0.296,133.011,audio_features,https://api.spotify.com/v1/tracks/3NGhrDLVlVVB3fQuz447ZB,https://api.spotify.com/v1/audio-analysis/3NGhrDLVlVVB3fQuz447ZB,225133,4
Heartbeat Failing,Dead by April,"['AD', 'AE', 'AG', 'AL', 'AM', 'AO', 'AR', 'AT', 'AU', 'AZ', 'BA', 'BB', 'BD', 'BE', 'BF', 'BG', 'BH', 'BI', 'BJ', 'BN', 'BO', 'BR', 'BS', 'BT', 'BW', 'BY', 'BZ', 'CA', 'CH', 'CI', 'CL', 'CM', 'CO', 'CR', 'CV', 'CY', 'CZ', 'DE', 'DJ', 'DK', 'DM', 'DO', 'DZ', 'EC', 'EE', 'EG', 'ES', 'FI', 'FJ', 'FM', 'FR', 'GA', 'GB', 'GD', 'GE', 'GH', 'GM', 'GN', 'GQ', 'GR', 'GT', 'GW', 'GY', 'HK', 'HN', 'HR', 'HT', 'HU', 'ID', 'IE', 'IL', 'IN', 'IS', 'IT', 'JM', 'JO', 'JP', 'KE', 'KG', 'KH', 'KI', 'KM', 'KN', 'KR', 'KW', 'KZ', 'LA', 'LB', 'LC', 'LI', 'LK', 'LR', 'LS', 'LT', 'LU', 'LV', 'MA', 'MC', 'MD', 'ME', 'MG', 'MH', 'MK', 'ML', 'MN', 'MO', 'MR', 'MT', 'MU', 'MV', 'MW', 'MX', 'MY', 'MZ', 'NA', 'NE', 'NG', 'NI', 'NL', 'NO', 'NP', 'NR', 'NZ', 'OM', 'PA', 'PE', 'PG', 'PH', 'PK', 'PL', 'PS', 'PT', 'PW', 'PY', 'QA', 'RO', 'RS', 'RU', 'RW', 'SA', 'SB', 'SC', 'SE', 'SG', 'SI', 'SK', 'SL', 'SM', 'SN', 'SR', 'ST', 'SV', 'SZ', 'TD', 'TG', 'TH', 'TL', 'TN', 'TO', 'TR', 'TT', 'TV', 'TW', 'TZ', 'UA', 'UG', 'US', 'UY', 'UZ', 'VC', 'VN', 'VU', 'WS', 'XK', 'ZA', 'ZM', 'ZW']",1,243600,False,{'isrc': 'QM4TW2187062'},{'spotify': 'https://open.spotify.com/track/1xolJCHO0WZvqVdu6buLk7'},https://api.spotify.com/v1/tracks/1xolJCHO0WZvqVdu6buLk7,1xolJCHO0WZvqVdu6buLk7,False,Heartbeat Failing,56,https://p.scdn.co/mp3-preview/a1439a1e1a63cac1932d0be703a6054bb3547c2f?cid=527cc027556e4e75bde9716a7a0562a5,1,track,spotify:track:1xolJCHO0WZvqVdu6buLk7,0,0.422,0.919,2,-4.168,0,0.151,0.000245,0.000351,0.21,0.279,149.989,audio_features,https://api.spotify.com/v1/tracks/1xolJCHO0WZvqVdu6buLk7,https://api.spotify.com/v1/audio-analysis/1xolJCHO0WZvqVdu6buLk7,243600,4
As Above So Below,Writing The Future,"['AD', 'AE', 'AG', 'AL', 'AM', 'AO', 'AR', 'AT', 'AU', 'AZ', 'BA', 'BB', 'BD', 'BE', 'BF', 'BG', 'BH', 'BI', 'BJ', 'BN', 'BO', 'BR', 'BS', 'BT', 'BW', 'BY', 'BZ', 'CA', 'CH', 'CI', 'CL', 'CM', 'CO', 'CR', 'CV', 'CY', 'CZ', 'DE', 'DJ', 'DK', 'DM', 'DO', 'DZ', 'EC', 'EE', 'EG', 'ES', 'FI', 'FJ', 'FM', 'FR', 'GA', 'GB', 'GD', 'GE', 'GH', 'GM', 'GN', 'GQ', 'GR', 'GT', 'GW', 'GY', 'HK', 'HN', 'HR', 'HT', 'HU', 'ID', 'IE', 'IL', 'IN', 'IS', 'IT', 'JM', 'JO', 'JP', 'KE', 'KG', 'KH', 'KI', 'KM', 'KN', 'KR', 'KW', 'KZ', 'LA', 'LB', 'LC', 'LI', 'LK', 'LR', 'LS', 'LT', 'LU', 'LV', 'MA', 'MC', 'MD', 'ME', 'MG', 'MH', 'MK', 'ML', 'MN', 'MO', 'MR', 'MT', 'MU', 'MV', 'MW', 'MX', 'MY', 'MZ', 'NA', 'NE', 'NG', 'NI', 'NL', 'NO', 'NP', 'NR', 'NZ', 'OM', 'PA', 'PE', 'PG', 'PH', 'PK', 'PL', 'PS', 'PT', 'PW', 'PY', 'QA', 'RO', 'RS', 'RU', 'RW', 'SA', 'SB', 'SC', 'SE', 'SG', 'SI', 'SK', 'SL', 'SM', 'SN', 'SR', 'ST', 'SV', 'SZ', 'TD', 'TG', 'TH', 'TL', 'TN', 'TO', 'TR', 'TT', 'TV', 'TW', 'TZ', 'UA', 'UG', 'US', 'UY', 'UZ', 'VC', 'VN', 'VU', 'WS', 'XK', 'ZA', 'ZM', 'ZW']",1,210000,True,{'isrc': 'SEVWR2100601'},{'spotify': 'https://open.spotify.com/track/0xVvCWr0k0OJ4onNnGXqmD'},https://api.spotify.com/v1/tracks/0xVvCWr0k0OJ4onNnGXqmD,0xVvCWr0k0OJ4onNnGXqmD,False,As Above So Below,48,https://p.scdn.co/mp3-preview/c80fa369ca3b9424dba55d2da818b48da2744570?cid=527cc027556e4e75bde9716a7a0562a5,1,track,spotify:track:0xVvCWr0k0OJ4onNnGXqmD,0,0.489,0.962,5,-5.497,0,0.105,0.000414,4.27e-05,0.252,0.34,160.055,audio_features,https://api.spotify.com/v1/tracks/0xVvCWr0k0OJ4onNnGXqmD,https://api.spotify.com/v1/audio-analysis/0xVvCWr0k0OJ4onNnGXqmD,210000,4
Deadnest,Monuments,"['AD', 'AE', 'AG', 'AL', 'AM', 'AO', 'AR', 'AT', 'AU', 'AZ', 'BA', 'BB', 'BD', 'BE', 'BF', 'BG', 'BH', 'BI', 'BJ', 'BN', 'BO', 'BR', 'BS', 'BT', 'BW', 'BY', 'BZ', 'CA', 'CH', 'CI', 'CL', 'CM', 'CO', 'CR', 'CV', 'CW', 'CY', 'CZ', 'DE', 'DJ', 'DK', 'DM', 'DO', 'DZ', 'EC', 'EE', 'EG', 'ES', 'FI', 'FJ', 'FM', 'FR', 'GA', 'GB', 'GD', 'GE', 'GH', 'GM', 'GN', 'GQ', 'GR', 'GT', 'GW', 'GY', 'HK', 'HN', 'HR', 'HT', 'HU', 'ID', 'IE', 'IL', 'IN', 'IS', 'IT', 'JM', 'JO', 'JP', 'KE', 'KG', 'KH', 'KI', 'KM', 'KN', 'KR', 'KW', 'KZ', 'LA', 'LB', 'LC', 'LI', 'LK', 'LR', 'LS', 'LT', 'LU', 'LV', 'MA', 'MC', 'MD', 'ME', 'MG', 'MH', 'MK', 'ML', 'MN', 'MO', 'MR', 'MT', 'MU', 'MV', 'MW', 'MX', 'MY', 'MZ', 'NA', 'NE', 'NG', 'NI', 'NL', 'NO', 'NP', 'NR', 'NZ', 'OM', 'PA', 'PE', 'PG', 'PH', 'PK', 'PL', 'PS', 'PT', 'PW', 'PY', 'QA', 'RO', 'RS', 'RU', 'RW', 'SA', 'SB', 'SC', 'SE', 'SG', 'SI', 'SK', 'SL', 'SM', 'SN', 'SR', 'ST', 'SV', 'SZ', 'TD', 'TG', 'TH', 'TL', 'TN', 'TO', 'TR', 'TT', 'TV', 'TW', 'TZ', 'UA', 'UG', 'US', 'UY', 'UZ', 'VC', 'VN', 'VU', 'WS', 'XK', 'ZA', 'ZM', 'ZW']",1,207391,False,{'isrc': 'GBDHC1804116'},{'spotify': 'https://open.spotify.com/track/3IC74qNKqXdeydqyS1J5z5'},https://api.spotify.com/v1/tracks/3IC74qNKqXdeydqyS1J5z5,3IC74qNKqXdeydqyS1J5z5,False,Deadnest,51,https://p.scdn.co/mp3-preview/98d9e9b351413b8401d921f538d22305d335c3cf?cid=527cc027556e4e75bde9716a7a0562a5,1,track,spotify:track:3IC74qNKqXdeydqyS1J5z5,0,0.445,0.968,6,-2.563,1,0.207,1.29e-05,9.99e-06,0.338,0.326,114.92,audio_features,https://api.spotify.com/v1/tracks/3IC74qNKqXdeydqyS1J5z5,https://api.spotify.com/v1/audio-analysis/3IC74qNKqXdeydqyS1J5z5,207391,4
All My Life,Attack Attack!,"['AD', 'AE', 'AG', 'AL', 'AM', 'AO', 'AR', 'AT', 'AU', 'AZ', 'BA', 'BB', 'BD', 'BE', 'BF', 'BG', 'BH', 'BI', 'BJ', 'BN', 'BO', 'BR', 'BS', 'BT', 'BW', 'BY', 'BZ', 'CA', 'CH', 'CI', 'CL', 'CM', 'CO', 'CR', 'CV', 'CY', 'CZ', 'DE', 'DJ', 'DK', 'DM', 'DO', 'DZ', 'EC', 'EE', 'EG', 'ES', 'FI', 'FJ', 'FM', 'FR', 'GA', 'GB', 'GD', 'GE', 'GH', 'GM', 'GN', 'GQ', 'GR', 'GT', 'GW', 'GY', 'HK', 'HN', 'HR', 'HT', 'HU', 'ID', 'IE', 'IL', 'IN', 'IS', 'IT', 'JM', 'JO', 'JP', 'KE', 'KG', 'KH', 'KI', 'KM', 'KN', 'KR', 'KW', 'KZ', 'LA', 'LB', 'LC', 'LI', 'LK', 'LR', 'LS', 'LT', 'LU', 'LV', 'MA', 'MC', 'MD', 'ME', 'MG', 'MH', 'MK', 'ML', 'MN', 'MO', 'MR', 'MT', 'MU', 'MV', 'MW', 'MX', 'MY', 'MZ', 'NA', 'NE', 'NG', 'NI', 'NL', 'NO', 'NP', 'NR', 'NZ', 'OM', 'PA', 'PE', 'PG', 'PH', 'PK', 'PL', 'PS', 'PT', 'PW', 'PY', 'QA', 'RO', 'RS', 'RU', 'RW', 'SA', 'SB', 'SC', 'SE', 'SG', 'SI', 'SK', 'SL', 'SM', 'SN', 'SR', 'ST', 'SV', 'SZ', 'TD', 'TG', 'TH', 'TL', 'TN', 'TO', 'TR', 'TT', 'TV', 'TW', 'TZ', 'UA', 'UG', 'US', 'UY', 'UZ', 'VC', 'VN', 'VU', 'WS', 'XK', 'ZA', 'ZM', 'ZW']",1,184285,False,{'isrc': 'QMBZ92067544'},{'spotify': 'https://open.spotify.com/track/1LQDC4iJRmgPAg8Ev95L3I'},https://api.spotify.com/v1/tracks/1LQDC4iJRmgPAg8Ev95L3I,1LQDC4iJRmgPAg8Ev95L3I,False,All My Life,56,https://p.scdn.co/mp3-preview/2519de0fac5e76ca8095e8b9d9621f5096df2fd6?cid=527cc027556e4e75bde9716a7a0562a5,1,track,spotify:track:1LQDC4iJRmgPAg8Ev95L3I,0,0.467,0.911,2,-5.013,1,0.0505,0.0003,0.0358,0.116,0.315,147.007,audio_features,https://api.spotify.com/v1/tracks/1LQDC4iJRmgPAg8Ev95L3I,https://api.spotify.com/v1/audio-analysis/1LQDC4iJRmgPAg8Ev95L3I,184286,4
Overrated,LANDMVRKS,"['AD', 'AE', 'AG', 'AL', 'AM', 'AO', 'AR', 'AT', 'AU', 'AZ', 'BA', 'BB', 'BD', 'BE', 'BF', 'BG', 'BH', 'BI', 'BJ', 'BN', 'BO', 'BR', 'BS', 'BT', 'BW', 'BY', 'BZ', 'CA', 'CH', 'CI', 'CL', 'CM', 'CO', 'CR', 'CV', 'CW', 'CY', 'CZ', 'DE', 'DJ', 'DK', 'DM', 'DO', 'DZ', 'EC', 'EE', 'EG', 'ES', 'FI', 'FJ', 'FM', 'FR', 'GA', 'GB', 'GD', 'GE', 'GH', 'GM', 'GN', 'GQ', 'GR', 'GT', 'GW', 'GY', 'HK', 'HN', 'HR', 'HT', 'HU', 'ID', 'IE', 'IL', 'IN', 'IS', 'IT', 'JM', 'JO', 'JP', 'KE', 'KG', 'KH', 'KI', 'KM', 'KN', 'KR', 'KW', 'KZ', 'LA', 'LB', 'LC', 'LI', 'LK', 'LR', 'LS', 'LT', 'LU', 'LV', 'MA', 'MC', 'MD', 'ME', 'MG', 'MH', 'MK', 'ML', 'MN', 'MO', 'MR', 'MT', 'MU', 'MV', 'MW', 'MX', 'MY', 'MZ', 'NA', 'NE', 'NG', 'NI', 'NL', 'NO', 'NP', 'NR', 'NZ', 'OM', 'PA', 'PE', 'PG', 'PH', 'PK', 'PL', 'PS', 'PT', 'PW', 'PY', 'QA', 'RO', 'RS', 'RU', 'RW', 'SA', 'SB', 'SC', 'SE', 'SG', 'SI', 'SK', 'SL', 'SM', 'SN', 'SR', 'ST', 'SV', 'SZ', 'TD', 'TG', 'TH', 'TL', 'TN', 'TO', 'TR', 'TT', 'TV', 'TW', 'TZ', 'UA', 'UG', 'US', 'UY', 'UZ', 'VC', 'VN', 'VU', 'WS', 'XK', 'ZA', 'ZM', 'ZW']",1,205333,False,{'isrc': 'DEYO62000198'},{'spotify': 'https://open.spotify.com/track/4sgxBtQThrhZ9dkSYjLzb6'},https://api.spotify.com/v1/tracks/4sgxBtQThrhZ9dkSYjLzb6,4sgxBtQThrhZ9dkSYjLzb6,False,Overrated,50,https://p.scdn.co/mp3-preview/08d130b64c172d4d5e79e1c1e66e22fa6e97e758?cid=527cc027556e4e75bde9716a7a0562a5,1,track,spotify:track:4sgxBtQThrhZ9dkSYjLzb6,0,0.334,0.965,11,-3.932,0,0.0988,0.000218,0.0,0.317,0.481,90.521,audio_features,https://api.spotify.com/v1/tracks/4sgxBtQThrhZ9dkSYjLzb6,https://api.spotify.com/v1/audio-analysis/4sgxBtQThrhZ9dkSYjLzb6,205333,4
Viscera,Veil Of Maya,"['AD', 'AE', 'AG', 'AL', 'AM', 'AO', 'AR', 'AT', 'AU', 'AZ', 'BA', 'BB', 'BD', 'BE', 'BF', 'BG', 'BH', 'BI', 'BJ', 'BN', 'BO', 'BR', 'BS', 'BT', 'BW', 'BY', 'BZ', 'CA', 'CH', 'CI', 'CL', 'CM', 'CO', 'CR', 'CV', 'CW', 'CY', 'CZ', 'DE', 'DJ', 'DK', 'DM', 'DO', 'DZ', 'EC', 'EE', 'EG', 'ES', 'FI', 'FJ', 'FM', 'FR', 'GA', 'GB', 'GD', 'GE', 'GH', 'GM', 'GN', 'GQ', 'GR', 'GT', 'GW', 'GY', 'HK', 'HN', 'HR', 'HT', 'HU', 'ID', 'IE', 'IL', 'IN', 'IS', 'IT', 'JM', 'JO', 'JP', 'KE', 'KG', 'KH', 'KI', 'KM', 'KN', 'KR', 'KW', 'KZ', 'LA', 'LB', 'LC', 'LI', 'LK', 'LR', 'LS', 'LT', 'LU', 'LV', 'MA', 'MC', 'MD', 'ME', 'MG', 'MH', 'MK', 'ML', 'MN', 'MO', 'MR', 'MT', 'MU', 'MV', 'MW', 'MX', 'MY', 'MZ', 'NA', 'NE', 'NG', 'NI', 'NL', 'NO', 'NP', 'NR', 'NZ', 'OM', 'PA', 'PE', 'PG', 'PH', 'PK', 'PL', 'PS', 'PT', 'PW', 'PY', 'QA', 'RO', 'RS', 'RU', 'RW', 'SA', 'SB', 'SC', 'SE', 'SG', 'SI', 'SK', 'SL', 'SM', 'SN', 'SR', 'ST', 'SV', 'SZ', 'TD', 'TG', 'TH', 'TL', 'TN', 'TO', 'TR', 'TT', 'TV', 'TW', 'TZ', 'UA', 'UG', 'US', 'UY', 'UZ', 'VC', 'VN', 'VU', 'WS', 'XK', 'ZA', 'ZM', 'ZW']",1,220000,False,{'isrc': 'USYFZ2144501'},{'spotify': 'https://open.spotify.com/track/4To0Ft09SLNBo8x3r4aMP6'},https://api.spotify.com/v1/tracks/4To0Ft09SLNBo8x3r4aMP6,4To0Ft09SLNBo8x3r4aMP6,False,Viscera,57,https://p.scdn.co/mp3-preview/ada0fd95b08b795fd14bd76934c3ee54d2e75fa1?cid=527cc027556e4e75bde9716a7a0562a5,1,track,spotify:track:4To0Ft09SLNBo8x3r4aMP6,0,0.537,0.96,2,-3.705,1,0.0594,0.000175,4.25e-06,0.0892,0.382,137.986,audio_features,https://api.spotify.com/v1/tracks/4To0Ft09SLNBo8x3r4aMP6,https://api.spotify.com/v1/audio-analysis/4To0Ft09SLNBo8x3r4aMP6,220000,4
MÃ¡scara,Ill NiÃ±o,"['AD', 'AE', 'AG', 'AL', 'AM', 'AO', 'AR', 'AT', 'AU', 'AZ', 'BA', 'BB', 'BD', 'BE', 'BF', 'BG', 'BH', 'BI', 'BJ', 'BN', 'BO', 'BR', 'BS', 'BT', 'BW', 'BY', 'BZ', 'CA', 'CH', 'CI', 'CL', 'CM', 'CO', 'CR', 'CV', 'CW', 'CY', 'CZ', 'DE', 'DJ', 'DK', 'DM', 'DO', 'DZ', 'EC', 'EE', 'EG', 'ES', 'FI', 'FJ', 'FM', 'FR', 'GA', 'GB', 'GD', 'GE', 'GH', 'GM', 'GN', 'GQ', 'GR', 'GT', 'GW', 'GY', 'HK', 'HN', 'HR', 'HT', 'HU', 'ID', 'IE', 'IL', 'IN', 'IS', 'IT', 'JM', 'JO', 'JP', 'KE', 'KG', 'KH', 'KI', 'KM', 'KN', 'KR', 'KW', 'KZ', 'LA', 'LB', 'LC', 'LI', 'LK', 'LR', 'LS', 'LT', 'LU', 'LV', 'MA', 'MC', 'MD', 'ME', 'MG', 'MH', 'MK', 'ML', 'MN', 'MO', 'MR', 'MT', 'MU', 'MV', 'MW', 'MX', 'MY', 'MZ', 'NA', 'NE', 'NG', 'NI', 'NL', 'NO', 'NP', 'NR', 'NZ', 'OM', 'PA', 'PE', 'PG', 'PH', 'PK', 'PL', 'PS', 'PT', 'PW', 'PY', 'QA', 'RO', 'RS', 'RU', 'RW', 'SA', 'SB', 'SC', 'SE', 'SG', 'SI', 'SK', 'SL', 'SM', 'SN', 'SR', 'ST', 'SV', 'SZ', 'TD', 'TG', 'TH', 'TL', 'TN', 'TO', 'TR', 'TT', 'TV', 'TW', 'TZ', 'UA', 'UG', 'US', 'UY', 'UZ', 'VC', 'VN', 'VU', 'WS', 'XK', 'ZA', 'ZM', 'ZW']",1,222234,False,{'isrc': 'QZNJX2058278'},{'spotify': 'https://open.spotify.com/track/4isOrrOKjCGSRIiNV9Eomf'},https://api.spotify.com/v1/tracks/4isOrrOKjCGSRIiNV9Eomf,4isOrrOKjCGSRIiNV9Eomf,False,MÃ¡scara,49,https://p.scdn.co/mp3-preview/170bf12ecdf8cd94387c36ed9c2285830aa86573?cid=527cc027556e4e75bde9716a7a0562a5,1,track,spotify:track:4isOrrOKjCGSRIiNV9Eomf,0,0.44,0.978,8,-5.441,1,0.11,2.53e-05,0.00191,0.339,0.386,162.06,audio_features,https://api.spotify.com/v1/tracks/4isOrrOKjCGSRIiNV9Eomf,https://api.spotify.com/v1/audio-analysis/4isOrrOKjCGSRIiNV9Eomf,222234,4
